,Год,Статья,Название,Всего осуждено,Пожизненное лишение свободы,Лишение свободы,Условное осуждение к лишению свободы,Арест,Ограничение свободы,"Ограничение свободы/ограничение по военной службе, содержание в дисциплинарной воинской части",Исправительные работы,Обязательные работы,Принудительные работы,Штраф,Лишение права занимать определенные должности или заниматься определенной деятельностью,Условное осуждение к иным мерам,Содержание в дисциплинарной воинской части,Ограничение по военной службе,из числа осужденных имеется коррупционный мотив,Лишение свободы: количество осужденных по срокам до 1 года включительно,Лишение свободы: количество осужденных по срокам свыше 1 до 2 лет включительно,Лишение свободы: количество осужденных по срокам свыше 1 до 3 лет включительно,Лишение свободы: количество осужденных по срокам свыше 2 до 3 лет включительно,Лишение свободы: количество осужденных по срокам свыше 3 до 5 лет включительно,Лишение свободы: количество осужденных по срокам свыше 5 до 8 лет включительно,Лишение свободы: количество осужденных по срокам свыше 8 до 10 лет включительно,Лишение свободы: количество осужденных по срокам свыше 10 до 15 лет включительно,Лишение свободы: количество осужденных по срокамсвыше 15 до 20 лет включительно,Наказание назначено ниже низшего предела: лишение свободы,Штраф (основное наказание): количество осужденных по размеру штрафа до 5 тыс. руб.,Штраф (основное наказание): количество осужденных по размеру штрафа свыше 5 тыс. до 25 тыс. руб.,Штраф (основное наказание): количество осужденных по размеру штрафа свыше 25 тыс. до 100 тыс. руб.,Штраф (основное наказание): количество осужденных по размеру штрафа свыше 25 тыс. до 500 тыс. руб.,Штраф (основное наказание): количество осужденных по размеру штрафа свыше 100 тыс. до 300 тыс. руб.,Штраф (основное наказание): количество осужденных по размеру штрафа свыше 300 тыс. до 500 тыс. руб.,Штраф (основное наказание): количество осужденных по размеру штрафа свыше  500 тыс. до 1 млн руб.,Штраф (основное наказание): количество осужденных по размеру штрафа свыше 1 млн руб.,Общая сумма штрафов,Освобождено от наказания Освобождено от наказания: по амнистии,Освобождено от наказания Освобождено от наказания: по другим основаниям: от лишения свободы,Освобождено от наказания Освобождено от наказания: по другим основаниям: от иных мер или наказание не назначалось,Оправдано,"Прекращено за отсутствием события, состава, непричастностью к преступлению",Прекращено по амнистии,Прекращено за примирением с потерпевшим,Прекращено в связи с деятельным раскаянием,Прекращено судебный штраф,Прекращено по другим основаниям,Прекращено по другим основаниям: на основании примечаний к статьям УК РФ (в связи с деятельным раскаянием ч. 2 ст. 28 УПК РФ),Судебный штраф: количество осужденных по размеру штрафа до 5 тыс. руб.,Судебный штраф: количество осужденных по размеру штрафа свыше 5 тыс. до 25 тыс. руб.,Судебный штраф: количество осужденных по размеру штрафа свыше 25 тыс. до 100 тыс. руб.,Судебный штраф: количество осужденных по размеру штрафа свыше 100 тыс. руб.,Судебный штраф: общая сумма,Принудительные меры к невменяемым,Дополнительное наказание: лишение права занимать определенные должности или заниматься определенной деятельностью,Дополнительное наказание: штраф,"Дополнительное наказание: лишение специального, воинского или почетного звания, классного чина и государственных наград",Дополнительное наказание: ограничение свободы,Штраф (дополнительное наказание): количество осужденных по размеру штрафа до 5 тыс. руб.,Штраф (дополнительное наказание): количество осужденных по размеру штрафа свыше 5 тыс. до 25 тыс. руб.,Штраф (дополнительное наказание): количество осужденных по размеру штрафа свыше 25 тыс. до 500 тыс. руб.,Штраф (дополнительное наказание): количество осужденных по размеру штрафа свыше 25 тыс. до 100 тыс. руб.,Штраф (дополнительное наказание): количество осужденных по размеру штрафа свыше 100 тыс. до 300 тыс. руб.,Штраф (дополнительное наказание): количество осужденных по размеру штрафа свыше 300 тыс. до 500 тыс. руб.,Штраф (дополнительное наказание): количество осужденных по размеру штрафа свыше  500 тыс. до 1 млн руб.,Штраф (дополнительное наказание): количество осужденных по размеру штрафа свыше 1 млн руб.,Штраф (дополнительное наказание): общая сумма,"Преступление не является оконченным (приготовление, покушение)","Обстоятельства, исключающие преступность: необходимая оборона","Обстоятельства, исключающие преступность: крайняя необходимость","Обстоятельства, исключающие преступность, предусмотренные статьями 38, 40 - 42 УК РФ",Доп. квалификация: осуждено по числу лиц,Доп. квалификация: осуждено по количеству составов преступлений,Доп. квалификация: оправдано по числу лиц,Доп. квалификация: оправдано по количеству составов преступлений,Доп. квалификация: прекращено по числу лиц,Доп. квалификация: прекращено по количеству составов преступлений,Доп. квалификация: прекращено по иным основаниям по числу лиц,Доп. квалификация: прекращено по иным основаниям по количеству составов преступлений,Доп. квалификация: признано невменяемыми по числу лиц,Доп. квалификация: признано невменяемыми по количеству составов преступлений,Освобождено от наказания по другим основаниям/от лишения свободы,Освобождено от наказания по другим основаниям/от иных мер,Освобождено от наказания по амнисти/от лишения свободы,Освобождено от наказания по амнистии/от иных мер,"Освобождено от наказания в связи с зачетом срока содержания под стражей, домашнего ареста/от лишения свободы","Освобождено от наказания в связи с зачетом срока содержания под стражей, домашнего ареста/от иных мер",Принудительные меры медицинского характера в отношении невменяемого дополнительная квалификация по судебным постановлениям по количеству составов преступлений
1,2010,132ч.3,Те же деяния при особо отягчающих обстоятельствах,431,0,404,27,0.0,0.0,,0,0,,0,0,0,0.0,0.0,0.0,3,,14.0,,83,110,134,60,0,48,,,,,,,,,,0.0,0.0,0.0,3,0,0,0,0,,3,0.0,,,,,,31,3.0,0.0,0.0,12.0,,,,,,,,,,,,,,129,366.0,,,,,,,,,,,,,,,
2,2010,132ч.4,"Деяния, предусмотренные частями первой или второй настоящей статьи, если они повлекли по неосторожности смерть потерпевшего или совершены в отношении лица, не достигшего четырнадцатилетнего возраста",340,0,318,22,0.0,0.0,,0,0,,0,0,0,0.0,0.0,0.0,1,,10.0,,21,63,12,198,13,26,,,,,,,,,,0.0,0.0,0.0,1,0,0,0,0,,1,0.0,,,,,,52,10.0,0.0,0.0,40.0,,,,,,,,,,,,,,38,164.0,,,,,,,,,,,,,,,
3,2011,132ч.3,Те же деяния при особо отягчающих обстоятельствах,253,0,235,17,0.0,0.0,,0,0,,0,0,0,0.0,0.0,1.0,0,9.0,,9.0,41,58,86,32,0,43,0.0,0.0,,0.0,,,0.0,0.0,,0.0,1.0,0.0,0,0,0,0,0,,2,0.0,,,,,,7,8.0,0.0,0.0,58.0,0.0,0.0,0.0,,,,0.0,0.0,,,,,,187,352.0,,,,,,,,,,,,,,,
4,2011,132ч.4,"Деяния, предусмотренные частями первой или второй настоящей статьи, если ониповлекли по неосторожности смерть потерпевшего или совершены в отношении лица, не достигшего четырнадцатилетнего возраста",545,0,522,22,0.0,0.0,,1,0,,0,0,0,0.0,0.0,0.0,0,7.0,,8.0,26,93,19,341,28,83,0.0,0.0,,0.0,,,0.0,0.0,,0.0,0.0,0.0,1,1,0,0,0,,2,0.0,,,,,,54,34.0,0.0,0.0,189.0,0.0,0.0,0.0,,,,0.0,0.0,,,,,,100,445.0,,,,,,,,,,,,,,,
5,2012,132ч.3,Те же деяния при особо отягчающих обстоятельствах,131,0,127,4,0.0,0.0,,0,0,,0,0,0,0.0,0.0,0.0,1,0.0,,0.0,23,28,59,16,0,23,0.0,0.0,,0.0,,,0.0,0.0,,0.0,0.0,0.0,1,0,0,0,0,,0,0.0,,,,,,4,2.0,0.0,0.0,57.0,0.0,0.0,0.0,,,,0.0,0.0,,,,,,127,245.0,,,,,,,,,,,,,,,
6,2012,132ч.4,"Деяния, предусмотренные частями первой или второй настоящей статьи, если ониповлекли по неосторожности смерть потерпевшего или совершены в отношении лица, не достигшего четырнадцатилетнего возраста",384,0,369,14,0.0,1.0,,0,0,,0,0,0,0.0,0.0,0.0,1,5.0,,7.0,22,69,9,246,10,79,0.0,0.0,,0.0,,,0.0,0.0,,0.0,0.0,0.0,7,0,0,0,0,,4,0.0,,,,,,47,19.0,0.0,0.0,201.0,0.0,0.0,0.0,,,,0.0,0.0,,,,,,92,415.0,,,,,,,,,,,,,,,
7,2012,132ч.5,"Деяния, предусмотренные пунктом ""б"" части четвертой, совершенные лицом, имеющим судимость за ранее совершенное преступление против половой неприкосновенности несовершеннолетнего",0,0,0,0,0.0,0.0,,0,0,,0,0,0,0.0,0.0,0.0,0,0.0,,0.0,0,0,0,0,0,0,0.0,0.0,,0.0,,,0.0,0.0,,0.0,0.0,0.0,0,0,0,0,0,,0,0.0,,,,,,0,0.0,0.0,0.0,0.0,0.0,0.0,0.0,,,,0.0,0.0,,,,,,0,0.0,,,,,,,,,,,,,,,
8,2013,132ч.3,Те же деяния при особо отягчающих обстоятельствах,157,0,154,6,0.0,0.0,,0,0,,0,0,0,0.0,0.0,,0,1.0,,4.0,32,41,59,17,0,31,0.0,0.0,,0.0,,,0.0,0.0,,0.0,0.0,0.0,8,0,0,0,0,,1,0.0,,,,,,8,8.0,0.0,1.0,78.0,0.0,0.0,0.0,,,,0.0,0.0,,13.0,0.0,0.0,0.0,163,368.0,,,,,,,,,,,,,,,
9,2013,132ч.4,"Деяния, предусмотренные частями первой или второй настоящей статьи, если ониповлекли по неосторожности смерть потерпевшего или совершены в отношении лица, не достигшего четырнадцатилетнего возраста",748,0,737,6,0.0,2.0,,0,0,,1,0,0,0.0,0.0,,5,11.0,,21.0,44,169,40,430,18,215,0.0,0.0,,1.0,,,0.0,0.0,,0.0,2.0,0.0,33,0,0,0,0,,7,0.0,,,,,,94,44.0,0.0,1.0,458.0,0.0,0.0,0.0,,,,0.0,0.0,,16.0,0.0,0.0,0.0,104,1022.0,,,,,,,,,,,,,,,
11,2014,132ч.3,Те же деяния при особо отягчающих обстоятельствах,226,0,217,9,0.0,0.0,,0,0,0.0,0,0,0,0.0,0.0,,0,4.0,,3.0,22,63,103,22,0,23,0.0,0.0,0.0,,0.0,0.0,0.0,0.0,,0.0,0.0,0.0,0,0,0,0,0,,0,0.0,,,,,,6,3.0,0.0,0.0,99.0,0.0,0.0,,0.0,0.0,0.0,0.0,0.0,,7.0,0.0,0.0,0.0,163,376.0,,,,,,,,,,,,,,,
12,2014,132ч.4,"Деяния, предусмотренные частями первой или второй настоящей статьи, если ониповлекли по неосторожности смерть потерпевшего или совершены в отношении лица, не достигшего четырнадцатилетнего возраста",863,0,853,2,0.0,2.0,,2,2,0.0,1,0,0,0.0,0.0,,7,13.0,,26.0,82,178,32,491,24,292,0.0,0.0,1.0,,0.0,0.0,0.0,0.0,,0.0,1.0,0.0,19,3,0,0,0,,4,0.0,,,,,,106,65.0,0.0,0.0,609.0,0.0,0.0,,0.0,0.0,0.0,0.0,0.0,,12.0,0.0,0.0,0.0,94,1188.0,,,,,,,,,,,,,,,
13,2014,132ч.5,"Деяния, предусмотренные пунктом ""б"" части четвертой, совершенные лицом, имеющим судимость за ранее совершенное преступление против половой неприкосновенности несовершеннолетнего",33,1,32,0,0.0,0.0,,0,0,0.0,0,0,0,0.0,0.0,,0,0.0,,0.0,1,1,2,9,19,5,0.0,0.0,0.0,,0.0,0.0,0.0,0.0,,0.0,0.0,0.0,0,0,0,0,0,,0,0.0,,,,,,3,24.0,0.0,0.0,0.0,0.0,0.0,,0.0,0.0,0.0,0.0,0.0,,1.0,0.0,0.0,0.0,2,26.0,,,,,,,,,,,,,,,
14,2015,132ч.3,Те же деяния при особо отягчающих обстоятельствах,211,0,202,7,0.0,1.0,,0,0,0.0,0,0,0,0.0,0.0,,0,0.0,,7.0,39,46,93,17,0,25,0.0,0.0,0.0,,0.0,0.0,0.0,0.0,,0.0,1.0,0.0,0,0,0,0,0,,7,0.0,,,,,,10,4.0,0.0,0.0,79.0,0.0,0.0,,0.0,0.0,0.0,0.0,0.0,,7.0,0.0,0.0,0.0,199,660.0,6.0,8.0,7.0,13.0,4.0,16.0,10.0,10.0,,,,,,,
15,2015,132ч.4,"Деяния, предусмотренные частями первой или второй настоящей статьи, если ониповлекли по неосторожности смерть потерпевшего или совершены в отношении лица, не достигшего четырнадцатилетнего возраста",1011,0,1003,2,0.0,2.0,,3,0,0.0,1,0,0,0.0,0.0,,5,5.0,,24.0,78,188,32,638,33,227,0.0,0.0,0.0,,1.0,0.0,0.0,0.0,,0.0,0.0,0.0,5,0,0,0,0,,18,0.0,,,,,,140,62.0,0.0,0.0,604.0,0.0,0.0,,0.0,0.0,0.0,0.0,0.0,,10.0,0.0,0.0,0.0,145,1697.0,18.0,41.0,15.0,81.0,8.0,39.0,140.0,140.0,,,,,,,
16,2015,132ч.5,"Деяния, предусмотренные пунктом ""б"" части четвертой, совершенные лицом, имеющим судимость за ранее совершенное преступление против половой неприкосновенности несовершеннолетнего",23,0,23,0,0.0,0.0,,0,0,0.0,0,0,0,0.0,0.0,,0,0.0,,0.0,0,2,3,8,10,7,0.0,0.0,0.0,,0.0,0.0,0.0,0.0,,0.0,0.0,0.0,0,0,0,0,0,,0,0.0,,,,,,2,19.0,0.0,0.0,0.0,0.0,0.0,,0.0,0.0,0.0,0.0,0.0,,1.0,0.0,0.0,0.0,4,21.0,1.0,1.0,0.0,0.0,0.0,0.0,2.0,2.0,,,,,,,
17,2016,132ч.3,Те же деяния при особо отягчающих обстоятельствах,222,0,213,8,0.0,1.0,,0,0,0.0,0,0,0,0.0,0.0,,1,7.0,,5.0,43,51,79,27,0,24,0.0,0.0,0.0,,0.0,0.0,0.0,0.0,,0.0,0.0,0.0,0,0,0,0,0,,1,0.0,,,,,,5,4.0,0.0,0.0,87.0,0.0,0.0,,0.0,0.0,0.0,0.0,0.0,,6.0,0.0,0.0,0.0,171,401.0,4.0,9.0,6.0,26.0,3.0,10.0,5.0,5.0,,,,,,,
18,2016,132ч.4,"Деяния, предусмотренные частями первой или второй настоящей статьи, если ониповлекли по неосторожности смерть потерпевшего или совершены в отношении лица, не достигшего четырнадцатилетнего возраста",1120,0,1108,2,0.0,4.0,,0,3,0.0,2,0,0,0.0,0.0,,4,10.0,,30.0,68,175,23,761,37,201,0.0,2.0,0.0,,0.0,0.0,0.0,0.0,,0.0,1.0,0.0,2,1,0,0,0,,22,0.0,,,,,,155,67.0,0.0,2.0,623.0,0.0,0.0,,0.0,0.0,0.0,0.0,0.0,,15.0,0.0,0.0,0.0,115,1565.0,14.0,29.0,14.0,19.0,15.0,42.0,155.0,155.0,,,,,,,
19,2016,132ч.5,"Деяния, предусмотренные пунктом ""б"" части четвертой, совершенные лицом, имеющим судимость за ранее совершенное преступление против половой неприкосновенности несовершеннолетнего",39,0,39,0,0.0,0.0,,0,0,0.0,0,0,0,0.0,0.0,,0,0.0,,0.0,0,4,2,15,18,5,0.0,0.0,0.0,,0.0,0.0,0.0,0.0,,0.0,0.0,0.0,1,0,0,0,0,,1,0.0,,,,,,3,32.0,0.0,0.0,1.0,0.0,0.0,,0.0,0.0,0.0,0.0,0.0,,1.0,0.0,0.0,0.0,3,57.0,0.0,0.0,0.0,0.0,0.0,0.0,3.0,3.0,,,,,,,
21,2017,132ч.4,"Деяния, предусмотренные частями первой или второй настоящей статьи, если они повлекли по неосторожности смерть потерпевшего или совершены в отношении лица, не достигшего четырнадцатилетнего возраста",1189,0,1172,3,0.0,6.0,,0,4,0.0,2,0,0,0.0,0.0,,9,18.0,,27.0,87,182,38,785,26,234,0.0,1.0,1.0,,0.0,0.0,0.0,0.0,,0.0,1.0,1.0,10,2,0,0,0,0.0,24,0.0,,,,,,170,67.0,0.0,1.0,678.0,0.0,0.0,,0.0,0.0,0.0,0.0,0.0,,10.0,0.0,0.0,0.0,114,1660.0,22.0,41.0,13.0,17.0,4.0,10.0,170.0,172.0,,,,,,,
22,2017,132ч.5,"Деяния, предусмотренные пунктом ""б"" части четвертой, совершенные лицом, имеющим судимость за ранее совершенное преступление против половой неприкосновенности несовершеннолетнего",42,0,42,0,0.0,0.0,,0,0,0.0,0,0,0,0.0,0.0,,0,0.0,,0.0,1,3,0,14,24,4,0.0,0.0,0.0,,0.0,0.0,0.0,0.0,,0.0,0.0,0.0,0,0,0,0,0,0.0,0,0.0,,,,,,4,37.0,0.0,0.0,0.0,0.0,0.0,,0.0,0.0,0.0,0.0,0.0,,1.0,0.0,0.0,0.0,4,65.0,0.0,0.0,0.0,0.0,0.0,0.0,4.0,4.0,,,,,,,
23,2018,132ч.3,Насильственные действия сексуального характера при особо отягчающих обстоятельствах,209,0,202,6,0.0,0.0,,0,0,0.0,0,0,0,0.0,0.0,,0,6.0,,1.0,21,51,98,25,0,18,0.0,0.0,0.0,,0.0,0.0,0.0,0.0,0.0,0.0,0.0,1.0,2,0,0,0,0,0.0,3,0.0,0.0,0.0,0.0,0.0,0.0,11,6.0,0.0,0.0,106.0,0.0,0.0,,0.0,0.0,0.0,0.0,0.0,0.0,7.0,0.0,0.0,0.0,213,699.0,9.0,11.0,6.0,84.0,8.0,10.0,11.0,11.0,,,,,,,
24,2018,132ч.4,"Деяния, предусмотренные частями первой или второй настоящей статьи, если они повлекли по неосторожности смерть потерпевшего или совершены в отношении лица, не достигшего четырнадцатилетнего возраста",1195,0,1180,2,0.0,5.0,,1,2,0.0,2,0,0,0.0,0.0,,8,20.0,,29.0,81,176,37,790,39,253,0.0,0.0,2.0,,0.0,0.0,0.0,0.0,90000.0,0.0,2.0,1.0,10,3,0,0,0,0.0,15,0.0,0.0,0.0,0.0,0.0,0.0,181,68.0,0.0,2.0,726.0,0.0,0.0,,0.0,0.0,0.0,0.0,0.0,0.0,12.0,0.0,0.0,0.0,112,2074.0,23.0,42.0,11.0,17.0,11.0,20.0,181.0,183.0,,,,,,,
25,2018,132ч.5,"Деяния, предусмотренные пунктом ""б"" части четвертой, совершенные лицом, имеющим судимость за ранее совершенное преступление против половой неприкосновенности несовершеннолетнего",42,1,41,0,0.0,0.0,,0,0,0.0,0,0,0,0.0,0.0,,0,0.0,,0.0,1,1,1,16,22,2,0.0,0.0,0.0,,0.0,0.0,0.0,0.0,0.0,0.0,0.0,0.0,0,0,0,0,0,0.0,0,0.0,0.0,0.0,0.0,0.0,0.0,1,31.0,0.0,0.0,0.0,0.0,0.0,,0.0,0.0,0.0,0.0,0.0,0.0,1.0,0.0,0.0,0.0,8,28.0,0.0,0.0,0.0,0.0,0.0,0.0,1.0,1.0,,,,,,,
26,2019,132ч.3,Насильственные действия сексуального характера при особо отягчающих обстоятельствах,212,0,202,9,0.0,0.0,,0,0,0.0,0,0,0,0.0,0.0,,0,4.0,,10.0,24,55,85,24,0,31,0.0,0.0,0.0,,0.0,0.0,0.0,0.0,0.0,,,,0,1,0,0,0,0.0,1,0.0,0.0,0.0,0.0,0.0,0.0,11,10.0,0.0,0.0,100.0,0.0,0.0,,0.0,0.0,0.0,0.0,0.0,0.0,5.0,0.0,0.0,0.0,162,353.0,6.0,12.0,3.0,3.0,5.0,8.0,,44.0,1.0,0.0,0.0,0.0,0.0,0.0,
27,2019,132ч.4,"Деяния, предусмотренные частями первой или второй настоящей статьи, если они повлекли по неосторожности смерть потерпевшего или совершены в отношении лица, не достигшего четырнадцатилетнего возраста",1266,0,1251,0,0.0,7.0,,0,0,0.0,4,0,0,0.0,0.0,,9,13.0,,32.0,98,216,33,822,28,317,0.0,2.0,2.0,,0.0,0.0,0.0,0.0,80000.0,,,,8,1,0,0,0,0.0,13,0.0,0.0,0.0,0.0,0.0,0.0,178,68.0,0.0,5.0,787.0,0.0,0.0,,0.0,0.0,0.0,0.0,0.0,0.0,14.0,0.0,0.0,0.0,122,1938.0,26.0,114.0,11.0,13.0,7.0,11.0,,112.0,2.0,1.0,0.0,0.0,1.0,0.0,
28,2019,132ч.5,"Деяния, предусмотренные пунктом ""б"" части четвертой, совершенные лицом, имеющим судимость за ранее совершенное преступление против половой неприкосновенности несовершеннолетнего",44,0,44,0,0.0,0.0,,0,0,0.0,0,0,0,0.0,0.0,,0,0.0,,0.0,1,3,4,10,26,10,0.0,0.0,0.0,,0.0,0.0,0.0,0.0,0.0,,,,0,0,0,0,0,0.0,1,0.0,0.0,0.0,0.0,0.0,0.0,2,39.0,0.0,0.0,0.0,0.0,0.0,,0.0,0.0,0.0,0.0,0.0,0.0,1.0,0.0,0.0,0.0,1,31.0,0.0,0.0,0.0,0.0,0.0,0.0,,0.0,0.0,0.0,0.0,0.0,0.0,0.0,
29,2020,132ч.3,Насильственные действия сексуального характера при особо отягчающих обстоятельствах,181,0,170,9,0.0,0.0,,0,0,0.0,0,0,0,0.0,0.0,,0,2.0,,4.0,25,45,70,24,0,19,0.0,0.0,0.0,,0.0,0.0,0.0,0.0,,,,,0,0,0,0,0,0.0,4,0.0,0.0,0.0,0.0,0.0,,6,6.0,0.0,0.0,90.0,0.0,0.0,,0.0,0.0,0.0,0.0,0.0,,7.0,0.0,0.0,0.0,150,375.0,6.0,12.0,1.0,1.0,3.0,4.0,,,2.0,0.0,0.0,0.0,0.0,0.0,2.0
30,2020,132ч.4,"Деяния, предусмотренные частями первой или второй настоящей статьи, если они повлекли по неосторожности смерть потерпевшего или совершены в отношении лица, не достигшего четырнадцатилетнего возраста",1048,0,1038,1,0.0,2.0,,2,1,0.0,0,0,0,0.0,0.0,,2,20.0,,25.0,86,181,31,675,18,265,0.0,0.0,0.0,,0.0,0.0,0.0,0.0,,,,,4,3,0,0,0,0.0,26,0.0,0.0,0.0,0.0,0.0,,163,64.0,0.0,3.0,678.0,0.0,0.0,,0.0,0.0,0.0,0.0,0.0,,11.0,0.0,0.0,0.0,117,1490.0,15.0,22.0,6.0,6.0,11.0,21.0,,,1.0,1.0,0.0,0.0,2.0,0.0,114.0
31,2020,132ч.5,"Деяния, предусмотренные пунктом ""б"" части четвертой, совершенные лицом, имеющим судимость за ранее совершенное преступление против половой неприкосновенности несовершеннолетнего",37,0,37,0,0.0,0.0,,0,0,0.0,0,0,0,0.0,0.0,,0,0.0,,0.0,0,3,6,11,17,11,0.0,0.0,0.0,,0.0,0.0,0.0,0.0,,,,,0,0,0,0,0,0.0,1,0.0,0.0,0.0,0.0,0.0,,2,34.0,0.0,0.0,0.0,0.0,0.0,,0.0,0.0,0.0,0.0,0.0,,2.0,0.0,0.0,0.0,1,28.0,1.0,1.0,1.0,1.0,1.0,1.0,,,0.0,0.0,0.0,0.0,0.0,0.0,0.0
1,2010,131ч.3,Изнасилование при особо отягчающих обстоятельствах,271,0,262,9,0.0,0.0,,0,0,,0,0,0,0.0,0.0,0.0,2,,8.0,,35,73,108,36,0,22,,,,,,,,,,0.0,0.0,0.0,9,0,0,0,0,,2,0.0,,,,,,7,3.0,0.0,0.0,23.0,,,,,,,,,,,,,,18,79.0,,,,,,,,,,,,,,,
2,2010,131ч.4,"Изнасилование, повлекшее по неосторожности смерть потерпевшей либо потерпевшей, не достигшей четырнадцатилетнего возраста(в ред. Федерального закона от 27.12.2009 N 377-ФЗ)",75,0,72,3,0.0,0.0,,0,0,,0,0,0,0.0,0.0,0.0,0,,1.0,,2,9,9,50,1,2,,,,,,,,,,0.0,0.0,0.0,1,0,0,0,0,,0,0.0,,,,,,3,0.0,0.0,0.0,5.0,,,,,,,,,,,,,,6,24.0,,,,,,,,,,,,,,,
3,2011,131ч.3,Изнасилование при особо отягчающих обстоятельствах,361,0,348,13,0.0,0.0,,0,0,,0,0,0,0.0,0.0,0.0,0,4.0,,4.0,52,98,154,36,0,47,0.0,0.0,,0.0,,,0.0,0.0,,0.0,0.0,0.0,15,0,0,0,0,,2,0.0,,,,,,8,8.0,0.0,0.0,174.0,0.0,0.0,0.0,,,,0.0,0.0,,,,,,90,173.0,,,,,,,,,,,,,,,
4,2011,131ч.4,"Изнасилование, повлекшее по неосторожности смерть потерпевшей или потерпевшей, не достигшей четырнадцатилетнего возраста(в ред. Федерального закона от 27.12.2009 N 377-ФЗ)",161,0,155,6,0.0,0.0,,0,0,,0,0,0,0.0,0.0,0.0,0,0.0,,3.0,5,21,11,108,7,29,0.0,0.0,,0.0,,,0.0,0.0,,0.0,0.0,0.0,4,0,0,0,0,,1,0.0,,,,,,11,8.0,0.0,0.0,76.0,0.0,0.0,0.0,,,,0.0,0.0,,,,,,34,112.0,,,,,,,,,,,,,,,
5,2012,131ч.3,Изнасилование при особо отягчающих обстоятельствах,316,0,278,38,0.0,0.0,,0,0,,0,0,0,0.0,0.0,1.0,0,0.0,,3.0,33,81,115,46,0,41,0.0,0.0,,0.0,,,0.0,0.0,,0.0,0.0,0.0,7,0,0,0,0,,1,0.0,,,,,,4,7.0,0.0,1.0,183.0,0.0,0.0,0.0,,,,0.0,0.0,,,,,,41,102.0,,,,,,,,,,,,,,,
6,2012,131ч.4,"Изнасилование, повлекшее по неосторожности смерть потерпевшей или потерпевшей, не достигшей четырнадцатилетнего возраста(в ред. Федерального закона от 27.12.2009 N 377-ФЗ)",150,0,146,3,0.0,0.0,,0,0,,0,0,0,0.0,0.0,0.0,0,0.0,,1.0,7,17,11,100,10,29,0.0,0.0,,0.0,,,0.0,0.0,,0.0,1.0,0.0,4,0,0,0,0,,2,0.0,,,,,,7,5.0,0.0,0.0,89.0,0.0,0.0,0.0,,,,0.0,0.0,,,,,,22,96.0,,,,,,,,,,,,,,,
7,2012,131ч.5,"Деяние, предусмотренное пунктом ""б"" части четвертой, совершенное лицом, имеющим судимость за ранее совершенное преступление против половой неприкосновенности несовершеннолетнего",0,0,0,0,0.0,0.0,,0,0,,0,0,0,0.0,0.0,0.0,0,0.0,,0.0,0,0,0,0,0,0,0.0,0.0,,0.0,,,0.0,0.0,,0.0,0.0,0.0,0,0,0,0,0,,0,0.0,,,,,,0,0.0,0.0,0.0,0.0,0.0,0.0,0.0,,,,0.0,0.0,,,,,,0,0.0,,,,,,,,,,,,,,,
8,2012,133ч.2,"То же деяние, совершенное в отношении несовершеннолетнего (несовершеннолетней)",3,0,1,2,0.0,0.0,,0,0,,0,0,0,0.0,0.0,0.0,0,1.0,,0.0,0,0,0,0,0,0,0.0,0.0,,0.0,,,0.0,0.0,,0.0,0.0,0.0,0,0,0,0,0,,0,0.0,,,,,,0,0.0,0.0,0.0,0.0,0.0,0.0,0.0,,,,0.0,0.0,,,,,,0,0.0,,,,,,,,,,,,,,,
9,2013,131ч.3,Изнасилование при особо отягчающих обстоятельствах,333,0,320,15,0.0,0.0,,0,0,,0,0,0,0.0,0.0,,1,0.0,,2.0,47,96,133,41,0,50,0.0,0.0,,0.0,,,0.0,0.0,,0.0,0.0,0.0,17,0,0,0,0,,3,0.0,,,,,,9,11.0,0.0,1.0,192.0,0.0,0.0,0.0,,,,0.0,0.0,,21.0,0.0,0.0,0.0,43,284.0,,,,,,,,,,,,,,,
11,2013,131ч.5,"Деяние, предусмотренное пунктом ""б"" части четвертой, совершенное лицом, имеющим судимость за ранее совершенное преступление против половой неприкосновенности несовершеннолетнего",4,0,4,0,0.0,0.0,,0,0,,0,0,0,0.0,0.0,,0,0.0,,0.0,0,0,0,2,2,0,0.0,0.0,,0.0,,,0.0,0.0,,0.0,0.0,0.0,0,0,0,0,0,,0,0.0,,,,,,0,1.0,0.0,0.0,0.0,0.0,0.0,0.0,,,,0.0,0.0,,1.0,0.0,0.0,0.0,4,5.0,,,,,,,,,,,,,,,
12,2013,133ч.2,"То же деяние, совершенное в отношении несовершеннолетнего (несовершеннолетней)",18,0,11,7,0.0,0.0,,0,0,,0,0,0,0.0,0.0,,4,3.0,,3.0,1,0,0,0,0,0,0.0,0.0,,0.0,,,0.0,0.0,,0.0,0.0,0.0,0,0,0,1,2,,0,0.0,,,,,,0,0.0,0.0,0.0,0.0,0.0,0.0,0.0,,,,0.0,0.0,,0.0,0.0,0.0,0.0,3,7.0,,,,,,,,,,,,,,,
13,2014,131ч.3,Изнасилование при особо отягчающих обстоятельствах,407,0,384,22,0.0,0.0,,0,0,0.0,0,0,0,0.0,0.0,,0,8.0,,4.0,49,119,157,47,0,46,0.0,0.0,0.0,,0.0,0.0,0.0,0.0,,0.0,1.0,0.0,6,0,0,0,0,,2,0.0,,,,,,14,11.0,0.0,0.0,185.0,0.0,0.0,,0.0,0.0,0.0,0.0,0.0,,39.0,0.0,0.0,0.0,61,181.0,,,,,,,,,,,,,,,
14,2014,131ч.4,"Изнасилование, повлекшее по неосторожности смерть потерпевшей или потерпевшей, не достигшей четырнадцатилетнего возраста(в ред. Федерального закона от 27.12.2009 N 377-ФЗ)",197,0,196,1,0.0,0.0,,0,0,0.0,0,0,0,0.0,0.0,,2,2.0,,10.0,8,29,8,127,10,45,0.0,0.0,0.0,,0.0,0.0,0.0,0.0,,0.0,0.0,0.0,2,0,0,0,0,,1,0.0,,,,,,11,8.0,0.0,0.0,140.0,0.0,0.0,,0.0,0.0,0.0,0.0,0.0,,36.0,0.0,0.0,0.0,45,227.0,,,,,,,,,,,,,,,
15,2014,131ч.5,"Деяние, предусмотренное пунктом ""б"" части четвертой, совершенное лицом, имеющим судимость за ранее совершенное преступление против половой неприкосновенности несовершеннолетнего",4,0,4,0,0.0,0.0,,0,0,0.0,0,0,0,0.0,0.0,,0,0.0,,0.0,0,0,0,1,3,0,0.0,0.0,0.0,,0.0,0.0,0.0,0.0,,0.0,0.0,0.0,0,0,0,0,0,,1,0.0,,,,,,0,4.0,0.0,0.0,0.0,0.0,0.0,,0.0,0.0,0.0,0.0,0.0,,1.0,0.0,0.0,0.0,0,0.0,,,,,,,,,,,,,,,
16,2014,133ч.2,"То же деяние, совершенное в отношении несовершеннолетнего (несовершеннолетней)",19,0,17,2,0.0,0.0,,0,0,0.0,0,0,0,0.0,0.0,,3,7.0,,5.0,2,0,0,0,0,0,0.0,0.0,0.0,,0.0,0.0,0.0,0.0,,0.0,0.0,0.0,0,0,0,1,0,,0,0.0,,,,,,0,0.0,0.0,0.0,0.0,0.0,0.0,,0.0,0.0,0.0,0.0,0.0,,0.0,0.0,0.0,0.0,7,33.0,,,,,,,,,,,,,,,
17,2015,131ч.3,Изнасилование при особо отягчающих обстоятельствах,419,0,393,26,0.0,0.0,,0,0,0.0,0,0,0,0.0,0.0,,0,5.0,,2.0,57,126,155,48,0,31,0.0,0.0,0.0,,0.0,0.0,0.0,0.0,,0.0,0.0,0.0,1,0,0,0,0,,3,0.0,,,,,,10,4.0,0.0,0.0,193.0,0.0,0.0,,0.0,0.0,0.0,0.0,0.0,,52.0,0.0,0.0,0.0,87,194.0,7.0,7.0,3.0,4.0,0.0,0.0,10.0,10.0,,,,,,,
18,2015,131ч.4,"Изнасилование, повлекшее по неосторожности смерть потерпевшей или потерпевшей, не достигшей четырнадцатилетнего возраста(в ред. Федерального закона от 27.12.2009 N 377-ФЗ)",246,0,245,0,0.0,0.0,,0,0,0.0,1,0,0,0.0,0.0,,0,3.0,,5.0,9,26,7,184,11,26,0.0,0.0,1.0,,0.0,0.0,0.0,0.0,,0.0,0.0,0.0,0,0,0,0,0,,0,0.0,,,,,,15,20.0,0.0,1.0,153.0,0.0,0.0,,0.0,0.0,0.0,0.0,0.0,,28.0,0.0,0.0,0.0,54,344.0,8.0,14.0,8.0,11.0,0.0,0.0,15.0,15.0,,,,,,,
19,2015,131ч.5,"Деяние, предусмотренное пунктом ""б"" части четвертой, совершенное лицом, имеющим судимость за ранее совершенное преступление против половой неприкосновенности несовершеннолетнего",5,0,5,0,0.0,0.0,,0,0,0.0,0,0,0,0.0,0.0,,0,0.0,,0.0,0,0,0,1,4,0,0.0,0.0,0.0,,0.0,0.0,0.0,0.0,,0.0,0.0,0.0,0,0,0,0,0,,0,0.0,,,,,,1,3.0,0.0,0.0,0.0,0.0,0.0,,0.0,0.0,0.0,0.0,0.0,,1.0,0.0,0.0,0.0,2,2.0,0.0,0.0,0.0,0.0,0.0,0.0,1.0,1.0,,,,,,,
21,2016,131ч.3,Изнасилование при особо отягчающих обстоятельствах,396,0,381,14,0.0,0.0,,0,0,0.0,0,0,0,0.0,0.0,,0,6.0,,9.0,45,96,180,45,0,27,0.0,0.0,0.0,,0.0,0.0,0.0,0.0,,0.0,1.0,0.0,2,0,0,0,0,,4,0.0,,,,,,9,4.0,0.0,3.0,170.0,0.0,0.0,,0.0,0.0,0.0,0.0,0.0,,38.0,0.0,0.0,0.0,75,234.0,6.0,56.0,2.0,26.0,5.0,9.0,9.0,9.0,,,,,,,
22,2016,131ч.4,"Изнасилование, повлекшее по неосторожности смерть потерпевшей или потерпевшей, не достигшей четырнадцатилетнего возраста(в ред. Федерального закона от 27.12.2009 N 377-ФЗ)",215,0,213,0,0.0,1.0,,0,1,0.0,0,0,0,0.0,0.0,,1,5.0,,1.0,5,29,6,150,16,24,0.0,0.0,0.0,,0.0,0.0,0.0,0.0,,0.0,0.0,0.0,0,0,0,0,0,,5,0.0,,,,,,10,4.0,0.0,0.0,135.0,0.0,0.0,,0.0,0.0,0.0,0.0,0.0,,21.0,0.0,0.0,0.0,50,294.0,5.0,10.0,4.0,4.0,1.0,2.0,10.0,10.0,,,,,,,
23,2016,131ч.5,"Деяние, предусмотренное пунктом ""б"" части четвертой, совершенное лицом, имеющим судимость за ранее совершенное преступление против половой неприкосновенности несовершеннолетнего",3,1,2,0,0.0,0.0,,0,0,0.0,0,0,0,0.0,0.0,,0,0.0,,0.0,0,0,0,1,1,0,0.0,0.0,0.0,,0.0,0.0,0.0,0.0,,0.0,0.0,0.0,0,0,0,0,0,,0,0.0,,,,,,0,2.0,0.0,0.0,0.0,0.0,0.0,,0.0,0.0,0.0,0.0,0.0,,1.0,0.0,0.0,0.0,0,7.0,0.0,0.0,0.0,0.0,0.0,0.0,0.0,0.0,,,,,,,
24,2016,133ч.2,"То же деяние, совершенное в отношении несовершеннолетнего (несовершеннолетней)",23,0,12,10,0.0,1.0,,0,0,0.0,0,0,0,0.0,0.0,,3,7.0,,2.0,0,0,0,0,0,0,0.0,0.0,0.0,,0.0,0.0,0.0,0.0,,0.0,0.0,0.0,0,0,0,1,0,,1,0.0,,,,,,0,0.0,0.0,0.0,0.0,0.0,0.0,,0.0,0.0,0.0,0.0,0.0,,0.0,0.0,0.0,0.0,8,34.0,0.0,0.0,2.0,2.0,0.0,0.0,0.0,0.0,,,,,,,
25,2017,131ч.3,Изнасилование при особо отягчающих обстоятельствах,396,0,387,9,0.0,0.0,,0,0,0.0,0,0,0,0.0,0.0,,0,3.0,,6.0,53,99,194,32,0,29,0.0,0.0,0.0,,0.0,0.0,0.0,0.0,,0.0,0.0,0.0,3,0,0,0,0,0.0,4,0.0,,,,,,9,7.0,0.0,0.0,198.0,0.0,0.0,,0.0,0.0,0.0,0.0,0.0,,36.0,0.0,0.0,0.0,84,255.0,3.0,3.0,3.0,3.0,2.0,2.0,9.0,9.0,,,,,,,
26,2017,131ч.4,"Изнасилование, повлекшее по неосторожности смерть потерпевшей или потерпевшей, не достигшей четырнадцатилетнего возраста(в редакции ФЗ от 27.12.2009 № 377-ФЗ)",221,0,219,0,0.0,1.0,,0,1,0.0,0,0,0,0.0,0.0,,1,1.0,,5.0,10,26,5,158,13,15,0.0,0.0,0.0,,0.0,0.0,0.0,0.0,,0.0,0.0,0.0,1,0,0,0,0,0.0,3,0.0,,,,,,14,10.0,0.0,0.0,126.0,0.0,0.0,,0.0,0.0,0.0,0.0,0.0,,22.0,0.0,0.0,0.0,61,219.0,3.0,6.0,5.0,9.0,1.0,1.0,14.0,14.0,,,,,,,
27,2017,131ч.5,"Деяние, предусмотренное пунктом ""б"" части четвертой, совершенное лицом, имеющим судимость за ранее совершенное преступление против половой неприкосновенности несовершеннолетнего",5,0,5,0,0.0,0.0,,0,0,0.0,0,0,0,0.0,0.0,,0,0.0,,0.0,0,1,0,1,3,0,0.0,0.0,0.0,,0.0,0.0,0.0,0.0,,0.0,0.0,0.0,0,0,0,0,0,0.0,0,0.0,,,,,,0,3.0,0.0,0.0,0.0,0.0,0.0,,0.0,0.0,0.0,0.0,0.0,,0.0,0.0,0.0,0.0,5,5.0,0.0,0.0,0.0,0.0,0.0,0.0,0.0,0.0,,,,,,,
28,2017,133ч.2,"Понуждение к действиям сексуального характера, совершенное в отношении несовершеннолетнего (несовершеннолетней)",33,0,16,15,0.0,0.0,,0,0,1.0,1,0,0,0.0,0.0,,2,10.0,,3.0,1,0,0,0,0,0,0.0,0.0,1.0,,0.0,0.0,0.0,0.0,,0.0,0.0,0.0,0,0,0,2,0,5.0,0,0.0,,,,,,0,0.0,0.0,0.0,0.0,0.0,0.0,,0.0,0.0,0.0,0.0,0.0,,0.0,0.0,0.0,0.0,25,40.0,1.0,1.0,0.0,0.0,0.0,0.0,0.0,0.0,,,,,,,
29,2018,131ч.3,Изнасилование при особо отягчающих обстоятельствах,325,0,317,6,0.0,1.0,,1,0,0.0,0,0,0,0.0,0.0,,0,2.0,,12.0,48,107,134,14,0,41,0.0,0.0,0.0,,0.0,0.0,0.0,0.0,0.0,0.0,0.0,0.0,2,0,0,0,0,0.0,6,0.0,0.0,0.0,0.0,0.0,0.0,10,2.0,0.0,1.0,164.0,0.0,0.0,,0.0,0.0,0.0,0.0,0.0,0.0,35.0,0.0,0.0,0.0,88,313.0,6.0,15.0,3.0,3.0,5.0,14.0,10.0,10.0,,,,,,,
30,2018,131ч.4,"Изнасилование, повлекшее по неосторожности смерть потерпевшей или потерпевшей, не достигшей четырнадцатилетнего возраста(в редакции ФЗ от 27.12.2009 № 377-ФЗ)",222,0,218,0,0.0,1.0,,0,1,0.0,0,0,0,0.0,0.0,,1,0.0,,6.0,7,27,1,162,14,17,0.0,0.0,0.0,,0.0,0.0,0.0,0.0,0.0,0.0,2.0,0.0,0,0,0,0,0,0.0,6,0.0,0.0,0.0,0.0,0.0,0.0,8,8.0,0.0,0.0,128.0,0.0,0.0,,0.0,0.0,0.0,0.0,0.0,0.0,13.0,0.0,0.0,0.0,47,484.0,3.0,5.0,4.0,6.0,2.0,12.0,8.0,8.0,,,,,,,
31,2018,131ч.5,"Деяние, предусмотренное пунктом ""б"" части четвертой, совершенное лицом, имеющим судимость за ранее совершенное преступление против половой неприкосновенности несовершеннолетнего",10,0,10,0,0.0,0.0,,0,0,0.0,0,0,0,0.0,0.0,,0,0.0,,0.0,0,0,1,1,8,0,0.0,0.0,0.0,,0.0,0.0,0.0,0.0,0.0,0.0,0.0,0.0,0,0,0,0,0,0.0,0,0.0,0.0,0.0,0.0,0.0,0.0,0,9.0,0.0,0.0,0.0,0.0,0.0,,0.0,0.0,0.0,0.0,0.0,0.0,1.0,0.0,0.0,0.0,2,16.0,0.0,0.0,0.0,0.0,0.0,0.0,0.0,0.0,,,,,,,
32,2018,133ч.2,"Понуждение к действиям сексуального характера, совершенное в отношении несовершеннолетнего (несовершеннолетней)",20,0,11,5,0.0,0.0,,0,1,2.0,0,0,0,0.0,0.0,,1,6.0,,3.0,1,0,0,0,0,0,0.0,0.0,0.0,,0.0,0.0,0.0,0.0,0.0,0.0,0.0,1.0,0,2,0,1,0,1.0,0,0.0,0.0,0.0,0.0,1.0,180000.0,0,1.0,0.0,0.0,0.0,0.0,0.0,,0.0,0.0,0.0,0.0,0.0,0.0,0.0,0.0,0.0,0.0,28,186.0,0.0,0.0,1.0,2.0,2.0,2.0,0.0,0.0,,,,,,,
34,2019,131ч.4,"Изнасилование, повлекшее по неосторожности смерть потерпевшей или потерпевшей, не достигшей четырнадцатилетнего возраста(в редакции ФЗ от 27.12.2009 № 377-ФЗ)",197,0,195,0,0.0,2.0,,0,0,0.0,0,0,0,0.0,0.0,,0,2.0,,2.0,5,19,5,153,9,14,0.0,0.0,0.0,,0.0,0.0,0.0,0.0,0.0,,,,5,0,0,0,0,0.0,4,0.0,0.0,0.0,0.0,0.0,0.0,10,9.0,0.0,1.0,122.0,0.0,0.0,,0.0,0.0,0.0,0.0,0.0,0.0,18.0,0.0,0.0,0.0,57,303.0,1.0,1.0,0.0,0.0,3.0,4.0,,5.0,0.0,0.0,0.0,0.0,0.0,0.0,
35,2019,131ч.5,"Деяние, предусмотренное пунктом ""б"" части четвертой, совершенное лицом, имеющим судимость за ранее совершенное преступление против половой неприкосновенности несовершеннолетнего",5,0,5,0,0.0,0.0,,0,0,0.0,0,0,0,0.0,0.0,,0,0.0,,0.0,0,0,0,4,1,0,0.0,0.0,0.0,,0.0,0.0,0.0,0.0,0.0,,,,0,0,0,0,0,0.0,0,0.0,0.0,0.0,0.0,0.0,0.0,0,5.0,0.0,0.0,0.0,0.0,0.0,,0.0,0.0,0.0,0.0,0.0,0.0,2.0,0.0,0.0,0.0,3,5.0,0.0,0.0,0.0,0.0,0.0,0.0,,1.0,0.0,0.0,0.0,0.0,0.0,0.0,
36,2019,133ч.2,"Понуждение к действиям сексуального характера, совершенное в отношении несовершеннолетнего (несовершеннолетней)",15,0,6,8,0.0,0.0,,0,0,1.0,0,0,0,0.0,0.0,,1,2.0,,2.0,1,0,0,0,0,0,0.0,0.0,0.0,,0.0,0.0,0.0,0.0,0.0,,,,0,0,0,5,0,11.0,1,0.0,0.0,7.0,4.0,0.0,345000.0,0,1.0,0.0,0.0,0.0,0.0,0.0,,0.0,0.0,0.0,0.0,0.0,0.0,0.0,0.0,0.0,0.0,22,72.0,1.0,1.0,1.0,1.0,4.0,4.0,,13.0,0.0,0.0,0.0,0.0,0.0,0.0,
37,2020,131ч.3,Изнасилование при особо отягчающих обстоятельствах,236,0,225,9,0.0,1.0,,0,0,0.0,0,0,0,0.0,0.0,,1,3.0,,5.0,35,62,109,10,0,26,0.0,0.0,0.0,,0.0,0.0,0.0,0.0,,,,,3,0,0,0,0,0.0,10,0.0,0.0,0.0,0.0,0.0,,4,6.0,0.0,0.0,132.0,0.0,0.0,,0.0,0.0,0.0,0.0,0.0,,30.0,0.0,0.0,0.0,83,306.0,1.0,1.0,1.0,1.0,1.0,1.0,,,0.0,0.0,0.0,0.0,1.0,0.0,2.0
38,2020,131ч.4,"Изнасилование, повлекшее по неосторожности смерть потерпевшей или потерпевшей, не достигшей четырнадцатилетнего возраста(в редакции ФЗ от 27.12.2009 № 377-ФЗ)",194,0,192,0,0.0,2.0,,0,0,0.0,0,0,0,0.0,0.0,,0,3.0,,4.0,7,22,3,144,9,22,0.0,0.0,0.0,,0.0,0.0,0.0,0.0,,,,,0,0,0,0,0,0.0,1,0.0,0.0,0.0,0.0,0.0,,12,10.0,0.0,0.0,124.0,0.0,0.0,,0.0,0.0,0.0,0.0,0.0,,14.0,0.0,0.0,0.0,44,328.0,6.0,7.0,8.0,8.0,2.0,3.0,,,0.0,0.0,0.0,0.0,0.0,0.0,12.0
39,2020,131ч.5,"Деяние, предусмотренное пунктом ""б"" части четвертой, совершенное лицом, имеющим судимость за ранее совершенное преступление против половой неприкосновенности несовершеннолетнего",4,0,4,0,0.0,0.0,,0,0,0.0,0,0,0,0.0,0.0,,0,0.0,,0.0,0,0,0,1,3,0,0.0,0.0,0.0,,0.0,0.0,0.0,0.0,,,,,0,0,0,0,0,0.0,0,0.0,0.0,0.0,0.0,0.0,,0,4.0,0.0,0.0,0.0,0.0,0.0,,0.0,0.0,0.0,0.0,0.0,,0.0,0.0,0.0,0.0,0,0.0,0.0,0.0,0.0,0.0,0.0,0.0,,,0.0,0.0,0.0,0.0,0.0,0.0,0.0
40,2020,133ч.2,"Понуждение к действиям сексуального характера, совершенное в отношении несовершеннолетнего (несовершеннолетней)",15,0,7,7,0.0,0.0,,0,0,0.0,0,0,0,0.0,0.0,,3,3.0,,1.0,0,0,0,0,0,0,0.0,0.0,0.0,,0.0,0.0,0.0,0.0,,,,,0,0,0,6,0,7.0,2,0.0,0.0,2.0,5.0,0.0,,0,0.0,0.0,0.0,0.0,0.0,0.0,,0.0,0.0,0.0,0.0,0.0,,0.0,0.0,0.0,0.0,29,106.0,1.0,1.0,0.0,0.0,1.0,1.0,,,0.0,1.0,0.0,0.0,0.0,0.0,1.0
1,2009,242.1ч.2,"Те же деяния, совершенные при отягчающих обстоятельствах",44,0,17,27,,,0.0,0,0,,0,0,0,,,,1,,9.0,,7,0,0,0,0,0,,,,,,,,,,0.0,0.0,0.0,0,0,0,0,0,,2,,,,,,,0,,,,,,,,,,,,,,,,,,25,,,,,,,,,,,,,,,,
2,2010,134ч.1,"Половое сношение и иные действия сексуального характера с лицом, не достигшим шестнадцати лет",1368,0,315,903,0.0,16.0,,3,13,,9,0,0,0.0,0.0,0.0,110,,195.0,,10,0,0,0,0,0,,,,,,,,,,1.0,85.0,23.0,1,3,0,446,26,,8,3.0,,,,,,11,2.0,0.0,0.0,0.0,,,,,,,,,,,,,,96,568.0,,,,,,,,,,,,,,,
3,2010,134ч.2,"Те же деяния, совершенные с лицом, не достигшим четырнадцатилетнего возраста",134,0,50,84,0.0,0.0,,0,0,,0,0,0,0.0,0.0,0.0,3,,32.0,,15,0,0,0,0,2,,,,,,,,,,0.0,0.0,0.0,0,0,0,0,0,,1,0.0,,,,,,3,2.0,0.0,0.0,2.0,,,,,,,,,,,,,,4,31.0,,,,,,,,,,,,,,,
4,2010,134ч.3,"Деяния, предусмотренные частью первой настоящей статьи, совершенные с лицом, заведомо не достигшим двенадцатилетнего возраста",4,0,4,0,0.0,0.0,,0,0,,0,0,0,0.0,0.0,0.0,0,,1.0,,1,1,0,1,0,0,,,,,,,,,,0.0,0.0,0.0,0,0,0,0,0,,0,0.0,,,,,,0,0.0,0.0,0.0,0.0,,,,,,,,,,,,,,0,0.0,,,,,,,,,,,,,,,
5,2010,134ч.4,"Деяния, предусмотренные частями второй или третьей настоящей статьи, совершенные группой лиц, группой лиц по предварительному сговору или организованной группой",0,0,0,0,0.0,0.0,,0,0,,0,0,0,0.0,0.0,0.0,0,,0.0,,0,0,0,0,0,0,,,,,,,,,,0.0,0.0,0.0,0,0,0,0,0,,0,0.0,,,,,,0,0.0,0.0,0.0,0.0,,,,,,,,,,,,,,0,0.0,,,,,,,,,,,,,,,
6,2010,135ч.1,"Совершение развратных действий без применения насилия лицом, достигшим восемнадцатилетнего возраста, в отношении лица, заведомо не достигшего шестнадцатилетнего возраста",154,0,111,33,0.0,0.0,,0,0,,10,0,0,0.0,0.0,0.0,32,,79.0,,0,0,0,0,0,0,,,,,,,,,,0.0,0.0,0.0,0,0,0,7,0,,3,0.0,,,,,,16,1.0,0.0,0.0,0.0,,,,,,,,,,,,,,106,378.0,,,,,,,,,,,,,,,
7,2010,135ч.2,"То же деяние, совершенное в отношении лица, заведомо не достигшего четырнадцатилетнего возраста",73,0,53,19,0.0,0.0,,1,0,,0,0,0,0.0,0.0,0.0,0,,28.0,,24,1,0,0,0,1,,,,,,,,,,0.0,0.0,0.0,0,0,0,0,0,,0,0.0,,,,,,1,3.0,0.0,0.0,0.0,,,,,,,,,,,,,,16,66.0,,,,,,,,,,,,,,,
8,2010,135ч.3,"Деяние, предусмотренное частью первой настоящей статьи, совершенное в отношении лица, заведомо не достигшего двенадцатилетнего возраста",146,0,125,21,0.0,0.0,,0,0,,0,0,0,0.0,0.0,0.0,0,,14.0,,44,59,8,0,0,5,,,,,,,,,,0.0,0.0,0.0,1,0,0,0,0,,1,0.0,,,,,,31,7.0,0.0,0.0,1.0,,,,,,,,,,,,,,9,49.0,,,,,,,,,,,,,,,
9,2010,135ч.4,"Деяния, предусмотренные частями второй или третьей настоящей статьи, совершенные группой лиц по предварительному сговору или организованной группой",4,0,3,0,0.0,0.0,,0,0,,0,0,0,0.0,0.0,0.0,0,,0.0,,1,2,0,0,0,1,,,,,,,,,,0.0,1.0,0.0,0,0,0,0,0,,0,0.0,,,,,,0,0.0,0.0,0.0,0.0,,,,,,,,,,,,,,1,7.0,,,,,,,,,,,,,,,
11,2010,242.1ч.2,"Те же деяния, совершенные при отягчающих обстоятельствах",58,0,11,47,0.0,0.0,,0,0,,0,0,0,0.0,0.0,0.0,0,,5.0,,4,2,0,0,0,0,,,,,,,,,,0.0,0.0,0.0,0,0,0,0,0,,1,0.0,,,,,,0,0.0,0.0,0.0,0.0,,,,,,,,,,,,,,3,99.0,,,,,,,,,,,,,,,
12,2011,134ч.1,"Половое сношение и иные действия сексуального характера с лицом, не достигшим шестнадцати лет",1306,0,252,882,0.0,15.0,,4,6,,11,1,0,0.0,0.0,1.0,97,116.0,,29.0,10,0,0,0,0,0,7.0,4.0,,0.0,,,0.0,0.0,,1.0,117.0,17.0,1,1,0,441,32,,16,10.0,,,,,,8,14.0,0.0,0.0,1.0,0.0,0.0,0.0,,,,0.0,0.0,,,,,,93,718.0,,,,,,,,,,,,,,,
13,2011,134ч.2,"Те же деяния, совершенные с лицом, не достигшим четырнадцатилетнего возраста",208,0,97,109,0.0,0.0,,0,1,,1,0,0,0.0,0.0,0.0,2,8.0,,54.0,32,1,0,0,0,8,0.0,1.0,,0.0,,,0.0,0.0,,0.0,0.0,0.0,1,0,1,0,0,,1,0.0,,,,,,7,0.0,0.0,0.0,3.0,0.0,0.0,0.0,,,,0.0,0.0,,,,,,7,83.0,,,,,,,,,,,,,,,
14,2011,134ч.3,"Деяния, предусмотренные частью первой настоящей статьи, совершенные с лицом, заведомо не достигшим двенадцатилетнего возраста",7,0,7,0,0.0,0.0,,0,0,,0,0,0,0.0,0.0,0.0,0,0.0,,0.0,1,3,2,1,0,1,0.0,0.0,,0.0,,,0.0,0.0,,0.0,0.0,0.0,0,0,0,0,0,,0,0.0,,,,,,1,1.0,0.0,0.0,2.0,0.0,0.0,0.0,,,,0.0,0.0,,,,,,0,10.0,,,,,,,,,,,,,,,
15,2011,134ч.4,"Деяния, предусмотренные частями второй или третьей настоящей статьи, совершенные группой лиц, группой лиц по предварительному сговору или организованной группой",5,0,5,0,0.0,0.0,,0,0,,0,0,0,0.0,0.0,0.0,0,0.0,,0.0,3,0,0,1,1,0,0.0,0.0,,0.0,,,0.0,0.0,,0.0,0.0,0.0,0,0,0,0,0,,0,0.0,,,,,,0,0.0,0.0,0.0,0.0,0.0,0.0,0.0,,,,0.0,0.0,,,,,,0,0.0,,,,,,,,,,,,,,,
16,2011,135ч.1,"Совершение развратных действий без применения насилия лицом, достигшим восемнадцатилетнего возраста, в отношении лица, заведомо не достигшего шестнадцатилетнего возраста",93,0,55,23,0.0,8.0,,0,0,,6,0,0,0.0,0.0,0.0,20,27.0,,8.0,0,0,0,0,0,0,1.0,4.0,,1.0,,,0.0,0.0,,0.0,1.0,0.0,0,0,0,5,0,,1,0.0,,,,,,9,5.0,0.0,0.0,1.0,0.0,0.0,0.0,,,,0.0,0.0,,,,,,87,316.0,,,,,,,,,,,,,,,
17,2011,135ч.2,"То же деяние, совершенное в отношении лица, заведомо не достигшего четырнадцатилетнего возраста",93,0,71,21,0.0,0.0,,0,0,,0,0,0,0.0,0.0,0.0,2,1.0,,34.0,34,0,0,0,0,6,0.0,0.0,,0.0,,,0.0,0.0,,0.0,1.0,0.0,0,0,0,0,0,,0,0.0,,,,,,9,2.0,0.0,0.0,4.0,0.0,0.0,0.0,,,,0.0,0.0,,,,,,52,143.0,,,,,,,,,,,,,,,
18,2011,135ч.3,"Деяние, предусмотренное частью первой настоящей статьи, совершенное в отношении лица, заведомо не достигшего двенадцатилетнего возраста",238,0,208,30,0.0,0.0,,0,0,,0,0,0,0.0,0.0,0.0,3,3.0,,9.0,68,118,6,1,0,13,0.0,0.0,,0.0,,,0.0,0.0,,0.0,0.0,0.0,0,0,0,0,0,,2,0.0,,,,,,38,10.0,0.0,0.0,15.0,0.0,0.0,0.0,,,,0.0,0.0,,,,,,26,132.0,,,,,,,,,,,,,,,
19,2011,135ч.4,"Деяния, предусмотренные частями второй или третьей настоящей статьи, совершенные группой лиц по предварительному сговору или организованной группой",4,0,4,0,0.0,0.0,,0,0,,0,0,0,0.0,0.0,0.0,0,0.0,,0.0,0,2,2,0,0,0,0.0,0.0,,0.0,,,0.0,0.0,,0.0,0.0,0.0,0,0,0,0,0,,0,0.0,,,,,,0,0.0,0.0,0.0,0.0,0.0,0.0,0.0,,,,0.0,0.0,,,,,,0,14.0,,,,,,,,,,,,,,,
21,2011,242.1ч.2,"Те же деяния, совершенные при отягчающих обстоятельствах",50,0,12,38,0.0,0.0,,0,0,,0,0,0,0.0,0.0,0.0,0,2.0,,5.0,5,0,0,0,0,2,0.0,0.0,,0.0,,,0.0,0.0,,0.0,0.0,0.0,0,0,0,0,0,,0,0.0,,,,,,0,1.0,0.0,0.0,0.0,0.0,0.0,0.0,,,,0.0,0.0,,,,,,4,164.0,,,,,,,,,,,,,,,
22,2012,134ч.1,"Половое сношение и иные действия сексуального характера с лицом, не достигшим шестнадцати лет (в стар. ред., до ФЗ от 29.02.2012 № 14-ФЗ)",538,0,102,266,0.0,35.0,,1,93,,2,0,0,0.0,0.0,0.0,35,56.0,,9.0,2,0,0,0,0,0,1.0,1.0,,0.0,,,0.0,0.0,,0.0,28.0,11.0,0,18,0,126,10,,28,3.0,,,,,,3,3.0,0.0,0.0,0.0,0.0,0.0,0.0,,,,0.0,0.0,,,,,,31,264.0,,,,,,,,,,,,,,,
23,2012,134ч.2,"Те же деяния, совершенные с лицом, не достигшим четырнадцатилетнего возраста (в стар. ред., до ФЗ от 29.02.2012 № 14-ФЗ)",90,0,43,47,0.0,0.0,,0,0,,0,0,0,0.0,0.0,0.0,0,1.0,,17.0,22,3,0,0,0,1,0.0,0.0,,0.0,,,0.0,0.0,,0.0,0.0,0.0,0,0,0,1,0,,0,0.0,,,,,,2,6.0,0.0,0.0,2.0,0.0,0.0,0.0,,,,0.0,0.0,,,,,,6,60.0,,,,,,,,,,,,,,,
24,2012,134ч.3,"Деяния, предусмотренные частью первой настоящей статьи, совершенные с лицом, заведомо не достигшим двенадцатилетнего возраста (в стар. ред., до ФЗ от 29.02.2012 № 14-ФЗ)",33,0,21,10,0.0,2.0,,0,0,,0,0,0,0.0,0.0,0.0,1,2.0,,7.0,8,1,2,0,0,11,0.0,0.0,,0.0,,,0.0,0.0,,0.0,0.0,0.0,0,0,0,0,0,,1,0.0,,,,,,0,1.0,0.0,0.0,0.0,0.0,0.0,0.0,,,,0.0,0.0,,,,,,0,13.0,,,,,,,,,,,,,,,
25,2012,134ч.4,"Деяния, предусмотренные частями второй или третьей настоящей статьи, совершенные группой лиц, группой лиц по предварительному сговору или организованной группой (в стар. ред., до ФЗ от 29.02.2012 № 14-ФЗ)",3,0,3,0,0.0,0.0,,0,0,,0,0,0,0.0,0.0,0.0,0,0.0,,0.0,0,0,0,3,0,0,0.0,0.0,,0.0,,,0.0,0.0,,0.0,0.0,0.0,0,0,0,0,0,,0,0.0,,,,,,1,0.0,0.0,0.0,0.0,0.0,0.0,0.0,,,,0.0,0.0,,,,,,2,2.0,,,,,,,,,,,,,,,
26,2012,134ч.5,"Деяния, предусмотренные частями первой, второй, третьей или четвертой, совершенные группой лиц, группой лиц по предварительному сговору или организованной группой (c ред. ФЗ от 29.02.2012 № 14-ФЗ)",0,0,0,0,0.0,0.0,,0,0,,0,0,0,0.0,0.0,0.0,0,0.0,,0.0,0,0,0,0,0,0,0.0,0.0,,0.0,,,0.0,0.0,,0.0,0.0,0.0,0,0,0,0,0,,0,0.0,,,,,,0,0.0,0.0,0.0,0.0,0.0,0.0,0.0,,,,0.0,0.0,,,,,,0,0.0,,,,,,,,,,,,,,,
27,2012,134ч.6,"Деяния, предусмотренные частью третьей, совершенные лицом, имеющим судимость за ранее совершенное преступление против половой неприкосновенности несовершеннолетнего (c ред. ФЗ от 29.02.2012 № 14-ФЗ)",0,0,0,0,0.0,0.0,,0,0,,0,0,0,0.0,0.0,0.0,0,0.0,,0.0,0,0,0,0,0,0,0.0,0.0,,0.0,,,0.0,0.0,,0.0,0.0,0.0,0,0,0,0,0,,0,0.0,,,,,,0,0.0,0.0,0.0,0.0,0.0,0.0,0.0,,,,0.0,0.0,,,,,,0,0.0,,,,,,,,,,,,,,,
28,2012,135ч.1,"Совершение развратных действий без применения насилия лицом, достигшим восемнадцатилетнего возраста, в отношении лица, заведомо не достигшего шестнадцатилетнего возраста (в стар. ред., до ФЗ от 29.02.2012 № 14-ФЗ)",60,0,17,4,0.0,23.0,,0,8,,7,0,1,0.0,0.0,0.0,7,9.0,,1.0,0,0,0,0,0,0,0.0,1.0,,6.0,,,1.0,1.0,,0.0,0.0,0.0,0,1,0,5,0,,11,0.0,,,,,,1,3.0,0.0,0.0,0.0,1.0,1.0,1.0,,,,0.0,0.0,,,,,,33,103.0,,,,,,,,,,,,,,,
29,2012,135ч.2,"То же деяние, совершенное в отношении лица, заведомо не достигшего четырнадцатилетнего возраста (в стар. ред., до ФЗ от 29.02.2012 № 14-ФЗ)",74,0,63,10,0.0,1.0,,0,0,,0,0,0,0.0,0.0,0.0,1,6.0,,32.0,24,0,0,0,0,18,0.0,0.0,,0.0,,,0.0,0.0,,0.0,0.0,0.0,0,0,0,0,0,,0,0.0,,,,,,7,7.0,0.0,0.0,4.0,0.0,0.0,0.0,,,,0.0,0.0,,,,,,27,82.0,,,,,,,,,,,,,,,
30,2012,135ч.3,"Деяние, предусмотренное частью первой настоящей статьи, совершенное в отношении лица, заведомо не достигшего двенадцатилетнего возраста (в стар. ред., до ФЗ от 29.02.2012 № 14-ФЗ)",131,0,120,9,0.0,1.0,,0,0,,0,0,0,0.0,0.0,0.0,0,0.0,,3.0,37,73,7,0,0,5,0.0,0.0,,0.0,,,0.0,0.0,,0.0,1.0,0.0,1,0,0,0,0,,2,0.0,,,,,,21,7.0,0.0,0.0,9.0,0.0,0.0,0.0,,,,0.0,0.0,,,,,,26,128.0,,,,,,,,,,,,,,,
31,2012,135ч.4,"Деяния, предусмотренные частями второй или третьей настоящей статьи, совершенные группой лиц по предварительному сговору или организованной группой (в стар. ред., до ФЗ от 29.02.2012 № 14-ФЗ)",1,0,0,1,0.0,0.0,,0,0,,0,0,0,0.0,0.0,0.0,0,0.0,,0.0,0,0,0,0,0,0,0.0,0.0,,0.0,,,0.0,0.0,,0.0,0.0,0.0,0,0,0,0,0,,0,0.0,,,,,,0,0.0,0.0,0.0,0.0,0.0,0.0,0.0,,,,0.0,0.0,,,,,,0,0.0,,,,,,,,,,,,,,,
32,2012,135ч.5,"Деяние, предусмотренное частью второй, совершенное лицом, имеющим судимость за ранее совершенное преступление против половой неприкосновенности несовершеннолетнего (c ред. ФЗ от 29.02.2012 № 14-ФЗ)",0,0,0,0,0.0,0.0,,0,0,,0,0,0,0.0,0.0,0.0,0,0.0,,0.0,0,0,0,0,0,0,0.0,0.0,,0.0,,,0.0,0.0,,0.0,0.0,0.0,0,0,0,0,0,,0,0.0,,,,,,0,0.0,0.0,0.0,0.0,0.0,0.0,0.0,,,,0.0,0.0,,,,,,0,0.0,,,,,,,,,,,,,,,
34,2012,242.1ч.2,"Те же деяния, совершенные при отягчающих обстоятельствах (стар. ред., до ФЗ от 29.02.2012 № 14-ФЗ)",52,0,6,41,0.0,0.0,,1,0,,4,0,0,0.0,0.0,0.0,0,1.0,,3.0,2,0,0,0,0,1,0.0,2.0,,2.0,,,0.0,0.0,,0.0,0.0,0.0,0,0,0,0,0,,0,0.0,,,,,,2,4.0,0.0,0.0,0.0,0.0,0.0,0.0,,,,0.0,0.0,,,,,,3,29.0,,,,,,,,,,,,,,,
35,2012,242.2ч.1,Использование несовершеннолетнего в целях изготовления порнографических материалов или предметов,0,0,0,0,0.0,0.0,,0,0,,0,0,0,0.0,0.0,0.0,0,0.0,,0.0,0,0,0,0,0,0,0.0,0.0,,0.0,,,0.0,0.0,,0.0,0.0,0.0,0,0,0,0,0,,0,0.0,,,,,,0,0.0,0.0,0.0,0.0,0.0,0.0,0.0,,,,0.0,0.0,,,,,,0,0.0,,,,,,,,,,,,,,,
36,2012,242.2ч.2,"Те же деяния, совершенные в отношении двух или более лиц;  группой лиц по предварительному сговору или организованной группой; в отношении лица, не достигшего четырнадцатилетнего возраста; с использованием информационно-телекоммуникационных сетей (включая сеть ""Интернет"")",0,0,0,0,0.0,0.0,,0,0,,0,0,0,0.0,0.0,0.0,0,0.0,,0.0,0,0,0,0,0,0,0.0,0.0,,0.0,,,0.0,0.0,,0.0,0.0,0.0,0,0,0,0,0,,0,0.0,,,,,,0,0.0,0.0,0.0,0.0,0.0,0.0,0.0,,,,0.0,0.0,,,,,,0,0.0,,,,,,,,,,,,,,,
37,2013,134ч.1,"Половое сношение и иные действия сексуального характера с лицом, не достигшим шестнадцати лет (в стар. ред., до ФЗ от 29.02.2012 № 14-ФЗ)",382,0,93,130,0.0,39.0,,0,92,,4,0,0,0.0,0.0,,38,44.0,,10.0,1,0,0,0,0,0,0.0,4.0,,0.0,,,0.0,0.0,,0.0,12.0,12.0,0,5,0,43,3,,11,3.0,,,,,,3,3.0,0.0,0.0,0.0,0.0,0.0,0.0,,,,0.0,0.0,,2.0,0.0,0.0,0.0,19,176.0,,,,,,,,,,,,,,,
38,2013,134ч.2,"Те же деяния, совершенные с лицом, не достигшим четырнадцатилетнего возраста (в стар. ред., до ФЗ от 29.02.2012 № 14-ФЗ)",41,0,24,16,0.0,0.0,,0,1,,0,0,0,0.0,0.0,,0,1.0,,13.0,10,0,0,0,0,1,0.0,0.0,,0.0,,,0.0,0.0,,0.0,0.0,0.0,0,0,0,0,0,,0,0.0,,,,,,0,0.0,0.0,0.0,1.0,0.0,0.0,0.0,,,,0.0,0.0,,0.0,0.0,0.0,0.0,6,15.0,,,,,,,,,,,,,,,
39,2013,134ч.3,"Деяния, предусмотренные частью первой настоящей статьи, совершенные с лицом, заведомо не достигшим двенадцатилетнего возраста (в стар. ред., до ФЗ от 29.02.2012 № 14-ФЗ)",186,0,149,24,0.0,3.0,,5,5,,0,0,0,0.0,0.0,,8,9.0,,55.0,63,13,1,0,0,18,0.0,0.0,,0.0,,,0.0,0.0,,0.0,0.0,0.0,0,0,0,0,0,,0,0.0,,,,,,4,1.0,0.0,0.0,11.0,0.0,0.0,0.0,,,,0.0,0.0,,2.0,0.0,0.0,0.0,5,60.0,,,,,,,,,,,,,,,
40,2013,134ч.4,"Деяния, предусмотренные частями второй или третьей настоящей статьи, совершенные группой лиц, группой лиц по предварительному сговору или организованной группой (в стар. ред., до ФЗ от 29.02.2012 № 14-ФЗ)",0,0,0,0,0.0,0.0,,0,0,,0,0,0,0.0,0.0,,0,0.0,,0.0,0,0,0,0,0,0,0.0,0.0,,0.0,,,0.0,0.0,,0.0,0.0,0.0,0,0,0,0,0,,0,0.0,,,,,,0,0.0,0.0,0.0,0.0,0.0,0.0,0.0,,,,0.0,0.0,,0.0,0.0,0.0,0.0,1,1.0,,,,,,,,,,,,,,,
41,2013,134ч.5,"Деяния, предусмотренные частями первой, второй, третьей или четвертой, совершенные группой лиц, группой лиц по предварительному сговору или организованной группой (c ред. ФЗ от 29.02.2012 № 14-ФЗ)",0,0,0,0,0.0,0.0,,0,0,,0,0,0,0.0,0.0,,0,0.0,,0.0,0,0,0,0,0,0,0.0,0.0,,0.0,,,0.0,0.0,,0.0,0.0,0.0,0,0,0,0,0,,0,0.0,,,,,,0,0.0,0.0,0.0,0.0,0.0,0.0,0.0,,,,0.0,0.0,,0.0,0.0,0.0,0.0,0,0.0,,,,,,,,,,,,,,,
42,2013,134ч.6,"Деяния, предусмотренные частью третьей, совершенные лицом, имеющим судимость за ранее совершенное преступление против половой неприкосновенности несовершеннолетнего (c ред. ФЗ от 29.02.2012 № 14-ФЗ)",0,0,0,0,0.0,0.0,,0,0,,0,0,0,0.0,0.0,,0,0.0,,0.0,0,0,0,0,0,0,0.0,0.0,,0.0,,,0.0,0.0,,0.0,0.0,0.0,0,0,0,0,0,,0,0.0,,,,,,0,0.0,0.0,0.0,0.0,0.0,0.0,0.0,,,,0.0,0.0,,0.0,0.0,0.0,0.0,0,0.0,,,,,,,,,,,,,,,
43,2013,135ч.1,"Совершение развратных действий без применения насилия лицом, достигшим восемнадцатилетнего возраста, в отношении лица, заведомо не достигшего шестнадцатилетнего возраста (в стар. ред., до ФЗ от 29.02.2012 № 14-ФЗ)",73,0,21,4,0.0,25.0,,0,20,,0,0,1,0.0,0.0,,6,11.0,,4.0,0,0,0,0,0,0,0.0,0.0,,0.0,,,0.0,0.0,,0.0,1.0,1.0,1,3,0,4,0,,7,0.0,,,,,,4,4.0,0.0,0.0,0.0,0.0,0.0,0.0,,,,0.0,0.0,,0.0,0.0,0.0,0.0,37,123.0,,,,,,,,,,,,,,,
44,2013,135ч.2,"То же деяние, совершенное в отношении лица, заведомо не достигшего четырнадцатилетнего возраста (в стар. ред., до ФЗ от 29.02.2012 № 14-ФЗ)",103,0,88,10,0.0,2.0,,2,0,,0,0,0,0.0,0.0,,1,5.0,,37.0,44,1,0,0,0,11,0.0,0.0,,0.0,,,0.0,0.0,,0.0,1.0,0.0,1,0,0,0,0,,2,0.0,,,,,,3,8.0,0.0,0.0,8.0,0.0,0.0,0.0,,,,0.0,0.0,,0.0,0.0,0.0,0.0,41,106.0,,,,,,,,,,,,,,,
45,2013,135ч.3,"Деяние, предусмотренное частью первой настоящей статьи, совершенное в отношении лица, заведомо не достигшего двенадцатилетнего возраста (в стар. ред., до ФЗ от 29.02.2012 № 14-ФЗ)",84,0,81,3,0.0,0.0,,0,0,,0,0,0,0.0,0.0,,0,1.0,,4.0,31,39,6,0,0,12,0.0,0.0,,0.0,,,0.0,0.0,,0.0,0.0,0.0,0,0,0,0,0,,3,0.0,,,,,,8,10.0,0.0,1.0,7.0,0.0,0.0,0.0,,,,0.0,0.0,,0.0,0.0,0.0,0.0,31,114.0,,,,,,,,,,,,,,,
46,2013,135ч.4,"Деяния, предусмотренные частями второй или третьей настоящей статьи, совершенные группой лиц по предварительному сговору или организованной группой (в стар. ред., до ФЗ от 29.02.2012 № 14-ФЗ)",2,0,2,0,0.0,0.0,,0,0,,0,0,0,0.0,0.0,,0,0.0,,0.0,0,2,0,0,0,0,0.0,0.0,,0.0,,,0.0,0.0,,0.0,0.0,0.0,0,0,0,0,0,,0,0.0,,,,,,0,0.0,0.0,0.0,0.0,0.0,0.0,0.0,,,,0.0,0.0,,0.0,0.0,0.0,0.0,2,2.0,,,,,,,,,,,,,,,
47,2013,135ч.5,"Деяние, предусмотренное частью второй, совершенное лицом, имеющим судимость за ранее совершенное преступление против половой неприкосновенности несовершеннолетнего (c ред. ФЗ от 29.02.2012 № 14-ФЗ)",1,0,1,0,0.0,0.0,,0,0,,0,0,0,0.0,0.0,,0,0.0,,0.0,0,0,0,1,0,0,0.0,0.0,,0.0,,,0.0,0.0,,0.0,0.0,0.0,0,0,0,0,0,,0,0.0,,,,,,1,0.0,0.0,0.0,0.0,0.0,0.0,0.0,,,,0.0,0.0,,0.0,0.0,0.0,0.0,1,5.0,,,,,,,,,,,,,,,
49,2013,242.1ч.2,"Те же деяния, совершенные при отягчающих обстоятельствах (стар. ред., до ФЗ от 29.02.2012 № 14-ФЗ)",117,0,31,80,0.0,3.0,,0,1,,2,0,0,0.0,0.0,,2,4.0,,18.0,6,1,0,0,0,7,0.0,1.0,,1.0,,,0.0,0.0,,0.0,0.0,0.0,0,1,0,0,0,,0,0.0,,,,,,4,5.0,0.0,0.0,0.0,0.0,0.0,0.0,,,,0.0,0.0,,0.0,0.0,0.0,0.0,3,140.0,,,,,,,,,,,,,,,
50,2013,242.2ч.1,Использование несовершеннолетнего в целях изготовления порнографических материалов или предметов,1,0,0,1,0.0,0.0,,0,0,,0,0,0,0.0,0.0,,0,0.0,,0.0,0,0,0,0,0,0,0.0,0.0,,0.0,,,0.0,0.0,,0.0,0.0,0.0,0,0,0,0,0,,0,0.0,,,,,,0,0.0,0.0,0.0,0.0,0.0,0.0,0.0,,,,0.0,0.0,,0.0,0.0,0.0,0.0,1,1.0,,,,,,,,,,,,,,,
51,2013,242.2ч.2,"Те же деяния, совершенные в отношении двух или более лиц;  группой лиц по предварительному сговору или организованной группой; в отношении лица, не достигшего четырнадцатилетнего возраста; с использованием информационно-телекоммуникационных сетей (включая сеть ""Интернет"")",1,0,1,0,0.0,0.0,,0,0,,0,0,0,0.0,0.0,,0,0.0,,0.0,0,1,0,0,0,1,0.0,0.0,,0.0,,,0.0,0.0,,0.0,0.0,0.0,0,0,0,0,0,,0,0.0,,,,,,0,0.0,0.0,0.0,0.0,0.0,0.0,0.0,,,,0.0,0.0,,0.0,0.0,0.0,0.0,0,1.0,,,,,,,,,,,,,,,
52,2014,134ч.1,"Половое сношение и иные действия сексуального характера с лицом, не достигшим шестнадцати лет (в стар. ред., до ФЗ от 29.02.2012 № 14-ФЗ)",852,0,122,276,0.0,107.0,,0,265,0.0,6,0,1,0.0,0.0,,64,52.0,,5.0,1,0,0,0,0,0,2.0,4.0,0.0,,0.0,0.0,0.0,0.0,,0.0,18.0,57.0,1,0,0,164,14,,3,0.0,,,,,,5,6.0,0.0,0.0,0.0,0.0,0.0,,0.0,0.0,0.0,0.0,0.0,,4.0,0.0,0.0,0.0,49,386.0,,,,,,,,,,,,,,,
53,2014,134ч.2,"Те же деяния, совершенные с лицом, не достигшим четырнадцатилетнего возраста (в стар. ред., до ФЗ от 29.02.2012 № 14-ФЗ)",15,0,13,2,0.0,0.0,,0,0,0.0,0,0,0,0.0,0.0,,0,5.0,,4.0,4,0,0,0,0,0,0.0,0.0,0.0,,0.0,0.0,0.0,0.0,,0.0,0.0,0.0,0,0,0,0,0,,0,0.0,,,,,,2,2.0,0.0,0.0,0.0,0.0,0.0,,0.0,0.0,0.0,0.0,0.0,,1.0,0.0,0.0,0.0,5,9.0,,,,,,,,,,,,,,,
54,2014,134ч.3,"Деяния, предусмотренные частью первой настоящей статьи, совершенные с лицом, заведомо не достигшим двенадцатилетнего возраста (в стар. ред., до ФЗ от 29.02.2012 № 14-ФЗ)",194,0,159,19,0.0,1.0,,9,3,0.0,2,0,0,0.0,0.0,,10,11.0,,60.0,65,12,1,0,0,23,0.0,1.0,0.0,,1.0,0.0,0.0,0.0,,1.0,0.0,0.0,1,0,0,0,0,,0,0.0,,,,,,6,5.0,0.0,0.0,7.0,0.0,0.0,,0.0,0.0,0.0,0.0,0.0,,1.0,0.0,0.0,0.0,7,73.0,,,,,,,,,,,,,,,
55,2014,134ч.4,"Деяния, предусмотренные частями второй или третьей настоящей статьи, совершенные группой лиц, группой лиц по предварительному сговору или организованной группой (в стар. ред., до ФЗ от 29.02.2012 № 14-ФЗ)",0,0,0,0,0.0,0.0,,0,0,0.0,0,0,0,0.0,0.0,,0,0.0,,0.0,0,0,0,0,0,0,0.0,0.0,0.0,,0.0,0.0,0.0,0.0,,0.0,0.0,0.0,0,0,0,0,0,,0,0.0,,,,,,0,0.0,0.0,0.0,0.0,0.0,0.0,,0.0,0.0,0.0,0.0,0.0,,0.0,0.0,0.0,0.0,1,1.0,,,,,,,,,,,,,,,
56,2014,134ч.5,"Деяния, предусмотренные частями первой, второй, третьей или четвертой, совершенные группой лиц, группой лиц по предварительному сговору или организованной группой (c ред. ФЗ от 29.02.2012 № 14-ФЗ)",6,0,6,0,0.0,0.0,,0,0,0.0,0,0,0,0.0,0.0,,0,0.0,,0.0,0,2,0,4,0,2,0.0,0.0,0.0,,0.0,0.0,0.0,0.0,,0.0,0.0,0.0,0,0,0,0,0,,0,0.0,,,,,,0,0.0,0.0,0.0,0.0,0.0,0.0,,0.0,0.0,0.0,0.0,0.0,,0.0,0.0,0.0,0.0,0,0.0,,,,,,,,,,,,,,,
57,2014,134ч.6,"Деяния, предусмотренные частью третьей, совершенные лицом, имеющим судимость за ранее совершенное преступление против половой неприкосновенности несовершеннолетнего (c ред. ФЗ от 29.02.2012 № 14-ФЗ)",0,0,0,0,0.0,0.0,,0,0,0.0,0,0,0,0.0,0.0,,0,0.0,,0.0,0,0,0,0,0,0,0.0,0.0,0.0,,0.0,0.0,0.0,0.0,,0.0,0.0,0.0,0,0,0,0,0,,0,0.0,,,,,,0,0.0,0.0,0.0,0.0,0.0,0.0,,0.0,0.0,0.0,0.0,0.0,,0.0,0.0,0.0,0.0,0,0.0,,,,,,,,,,,,,,,
58,2014,135ч.1,"Совершение развратных действий без применения насилия лицом, достигшим восемнадцатилетнего возраста, в отношении лица, заведомо не достигшего шестнадцатилетнего возраста (в стар. ред., до ФЗ от 29.02.2012 № 14-ФЗ)",78,0,10,9,0.0,30.0,,0,25,0.0,1,0,0,0.0,0.0,,2,7.0,,1.0,0,0,0,0,0,0,0.0,1.0,0.0,,0.0,0.0,0.0,0.0,,0.0,1.0,2.0,0,0,0,8,0,,0,0.0,,,,,,5,3.0,0.0,0.0,0.0,0.0,0.0,,0.0,0.0,0.0,0.0,0.0,,2.0,0.0,0.0,0.0,58,160.0,,,,,,,,,,,,,,,
59,2014,135ч.2,"То же деяние, совершенное в отношении лица, заведомо не достигшего четырнадцатилетнего возраста (в стар. ред., до ФЗ от 29.02.2012 № 14-ФЗ)",112,0,105,3,0.0,2.0,,2,0,0.0,0,0,0,0.0,0.0,,4,5.0,,33.0,57,6,0,0,0,11,0.0,0.0,0.0,,0.0,0.0,0.0,0.0,,0.0,0.0,0.0,2,0,0,0,0,,0,0.0,,,,,,9,7.0,0.0,0.0,4.0,0.0,0.0,,0.0,0.0,0.0,0.0,0.0,,1.0,0.0,0.0,0.0,53,194.0,,,,,,,,,,,,,,,
60,2014,135ч.3,"Деяние, предусмотренное частью первой настоящей статьи, совершенное в отношении лица, заведомо не достигшего двенадцатилетнего возраста (в стар. ред., до ФЗ от 29.02.2012 № 14-ФЗ)",59,0,58,1,0.0,0.0,,0,0,0.0,0,0,0,0.0,0.0,,0,4.0,,5.0,19,26,3,1,0,15,0.0,0.0,0.0,,0.0,0.0,0.0,0.0,,0.0,0.0,0.0,0,1,0,0,0,,1,0.0,,,,,,11,6.0,0.0,0.0,2.0,0.0,0.0,,0.0,0.0,0.0,0.0,0.0,,0.0,0.0,0.0,0.0,22,101.0,,,,,,,,,,,,,,,
61,2014,135ч.4,"Деяния, предусмотренные частями второй или третьей настоящей статьи, совершенные группой лиц по предварительному сговору или организованной группой (в стар. ред., до ФЗ от 29.02.2012 № 14-ФЗ)",9,0,9,0,0.0,0.0,,0,0,0.0,0,0,0,0.0,0.0,,0,0.0,,0.0,1,4,4,0,0,1,0.0,0.0,0.0,,0.0,0.0,0.0,0.0,,0.0,0.0,0.0,0,0,0,0,0,,0,0.0,,,,,,0,4.0,0.0,0.0,0.0,0.0,0.0,,0.0,0.0,0.0,0.0,0.0,,0.0,0.0,0.0,0.0,1,1.0,,,,,,,,,,,,,,,
62,2014,135ч.5,"Деяние, предусмотренное частью второй, совершенное лицом, имеющим судимость за ранее совершенное преступление против половой неприкосновенности несовершеннолетнего (c ред. ФЗ от 29.02.2012 № 14-ФЗ)",4,0,4,0,0.0,0.0,,0,0,0.0,0,0,0,0.0,0.0,,0,0.0,,0.0,0,1,1,2,0,1,0.0,0.0,0.0,,0.0,0.0,0.0,0.0,,0.0,0.0,0.0,0,0,0,0,0,,0,0.0,,,,,,0,4.0,0.0,0.0,0.0,0.0,0.0,,0.0,0.0,0.0,0.0,0.0,,1.0,0.0,0.0,0.0,2,5.0,,,,,,,,,,,,,,,
64,2014,242.1ч.2,"Те же деяния, совершенные при отягчающих обстоятельствах (стар. ред., до ФЗ от 29.02.2012 № 14-ФЗ)",168,0,47,112,0.0,2.0,,3,0,0.0,3,0,0,0.0,0.0,,5,7.0,,24.0,11,0,0,0,0,13,0.0,0.0,2.0,,1.0,0.0,0.0,0.0,,0.0,1.0,0.0,0,0,0,0,0,,0,0.0,,,,,,1,7.0,0.0,0.0,0.0,0.0,0.0,,0.0,0.0,0.0,0.0,0.0,,0.0,0.0,0.0,0.0,14,125.0,,,,,,,,,,,,,,,
65,2014,242.2ч.1,Использование несовершеннолетнего в целях изготовления порнографических материалов или предметов,2,0,2,0,0.0,0.0,,0,0,0.0,0,0,0,0.0,0.0,,0,0.0,,1.0,1,0,0,0,0,0,0.0,0.0,0.0,,0.0,0.0,0.0,0.0,,0.0,0.0,0.0,0,0,0,0,0,,0,0.0,,,,,,0,0.0,0.0,0.0,0.0,0.0,0.0,,0.0,0.0,0.0,0.0,0.0,,0.0,0.0,0.0,0.0,3,18.0,,,,,,,,,,,,,,,
66,2014,242.2ч.2,"Те же деяния, совершенные в отношении двух или более лиц;  группой лиц по предварительному сговору или организованной группой; в отношении лица, не достигшего четырнадцатилетнего возраста; с использованием информационно-телекоммуникационных сетей (включая сеть ""Интернет"")",2,0,2,0,0.0,0.0,,0,0,0.0,0,0,0,0.0,0.0,,0,0.0,,0.0,0,1,1,0,0,0,0.0,0.0,0.0,,0.0,0.0,0.0,0.0,,0.0,0.0,0.0,0,0,0,0,0,,0,0.0,,,,,,0,0.0,0.0,0.0,0.0,0.0,0.0,,0.0,0.0,0.0,0.0,0.0,,0.0,0.0,0.0,0.0,10,24.0,,,,,,,,,,,,,,,
67,2015,134ч.1,"Половое сношение и иные действия сексуального характера с лицом, не достигшим шестнадцати лет (в стар. ред., до ФЗ от 29.02.2012 № 14-ФЗ)",1981,0,230,536,0.0,241.0,,1,621,0.0,7,1,2,0.0,0.0,,100,111.0,,16.0,3,0,0,0,0,0,4.0,1.0,2.0,,0.0,0.0,0.0,0.0,,0.0,77.0,265.0,1,2,0,520,25,,9,3.0,,,,,,11,6.0,0.0,0.0,0.0,0.0,0.0,,0.0,0.0,0.0,0.0,0.0,,0.0,0.0,0.0,0.0,74,665.0,1.0,2.0,0.0,0.0,49.0,101.0,11.0,11.0,,,,,,,
68,2015,134ч.2,"Те же деяния, совершенные с лицом, не достигшим четырнадцатилетнего возраста (в стар. ред., до ФЗ от 29.02.2012 № 14-ФЗ)",23,0,15,7,0.0,0.0,,0,1,0.0,0,0,0,0.0,0.0,,0,5.0,,5.0,5,0,0,0,0,0,0.0,0.0,0.0,,0.0,0.0,0.0,0.0,,0.0,0.0,0.0,0,0,0,0,0,,0,0.0,,,,,,1,7.0,0.0,0.0,1.0,0.0,0.0,,0.0,0.0,0.0,0.0,0.0,,4.0,0.0,0.0,0.0,6,30.0,0.0,0.0,2.0,3.0,0.0,0.0,1.0,1.0,,,,,,,
69,2015,134ч.3,"Деяния, предусмотренные частью первой настоящей статьи, совершенные с лицом, заведомо не достигшим двенадцатилетнего возраста (в стар. ред., до ФЗ от 29.02.2012 № 14-ФЗ)",241,0,201,21,0.0,7.0,,8,2,0.0,1,0,0,0.0,0.0,,6,19.0,,79.0,88,9,0,0,0,24,0.0,1.0,0.0,,0.0,0.0,0.0,0.0,,0.0,1.0,0.0,0,0,0,0,0,,1,0.0,,,,,,6,2.0,0.0,0.0,11.0,0.0,0.0,,0.0,0.0,0.0,0.0,0.0,,1.0,0.0,0.0,0.0,16,83.0,0.0,0.0,0.0,0.0,0.0,0.0,6.0,6.0,,,,,,,
70,2015,134ч.4,"Деяния, предусмотренные частями второй или третьей настоящей статьи, совершенные группой лиц, группой лиц по предварительному сговору или организованной группой (в стар. ред., до ФЗ от 29.02.2012 № 14-ФЗ)",10,0,10,0,0.0,0.0,,0,0,0.0,0,0,0,0.0,0.0,,0,0.0,,1.0,2,2,5,0,0,3,0.0,0.0,0.0,,0.0,0.0,0.0,0.0,,0.0,0.0,0.0,0,0,0,0,0,,0,0.0,,,,,,0,2.0,0.0,1.0,0.0,0.0,0.0,,0.0,0.0,0.0,0.0,0.0,,0.0,0.0,0.0,0.0,0,0.0,0.0,0.0,0.0,0.0,0.0,0.0,0.0,0.0,,,,,,,
71,2015,134ч.5,"Деяния, предусмотренные частями первой, второй, третьей или четвертой, совершенные группой лиц, группой лиц по предварительному сговору или организованной группой (c ред. ФЗ от 29.02.2012 № 14-ФЗ)",4,0,4,0,0.0,0.0,,0,0,0.0,0,0,0,0.0,0.0,,0,0.0,,0.0,0,1,3,0,0,4,0.0,0.0,0.0,,0.0,0.0,0.0,0.0,,0.0,0.0,0.0,0,0,0,0,0,,0,0.0,,,,,,0,0.0,0.0,0.0,0.0,0.0,0.0,,0.0,0.0,0.0,0.0,0.0,,0.0,0.0,0.0,0.0,0,0.0,0.0,0.0,0.0,0.0,0.0,0.0,0.0,0.0,,,,,,,
72,2015,134ч.6,"Деяния, предусмотренные частью третьей, совершенные лицом, имеющим судимость за ранее совершенное преступление против половой неприкосновенности несовершеннолетнего (c ред. ФЗ от 29.02.2012 № 14-ФЗ)",1,0,1,0,0.0,0.0,,0,0,0.0,0,0,0,0.0,0.0,,0,0.0,,0.0,1,0,0,0,0,1,0.0,0.0,0.0,,0.0,0.0,0.0,0.0,,0.0,0.0,0.0,0,0,0,0,0,,0,0.0,,,,,,0,0.0,0.0,0.0,0.0,0.0,0.0,,0.0,0.0,0.0,0.0,0.0,,0.0,0.0,0.0,0.0,1,1.0,0.0,0.0,0.0,0.0,0.0,0.0,0.0,0.0,,,,,,,
73,2015,135ч.1,"Совершение развратных действий без применения насилия лицом, достигшим восемнадцатилетнего возраста, в отношении лица, заведомо не достигшего шестнадцатилетнего возраста (в стар. ред., до ФЗ от 29.02.2012 № 14-ФЗ)",135,0,19,10,0.0,68.0,,1,33,0.0,1,0,0,0.0,0.0,,9,9.0,,1.0,0,0,0,0,0,0,1.0,0.0,0.0,,0.0,0.0,0.0,0.0,,0.0,0.0,3.0,0,0,0,9,3,,3,0.0,,,,,,6,5.0,0.0,0.0,0.0,0.0,0.0,,0.0,0.0,0.0,0.0,0.0,,3.0,0.0,0.0,0.0,92,176.0,0.0,0.0,6.0,10.0,9.0,29.0,6.0,6.0,,,,,,,
74,2015,135ч.2,"То же деяние, совершенное в отношении лица, заведомо не достигшего четырнадцатилетнего возраста (в стар. ред., до ФЗ от 29.02.2012 № 14-ФЗ)",97,0,93,0,0.0,1.0,,1,0,0.0,0,1,0,0.0,0.0,,4,3.0,,29.0,43,14,0,0,0,9,0.0,0.0,0.0,,0.0,0.0,0.0,0.0,,0.0,1.0,0.0,0,0,0,0,0,,1,0.0,,,,,,10,6.0,0.0,0.0,8.0,0.0,0.0,,0.0,0.0,0.0,0.0,0.0,,0.0,0.0,0.0,0.0,74,180.0,4.0,5.0,3.0,4.0,3.0,3.0,10.0,10.0,,,,,,,
75,2015,135ч.3,"Деяние, предусмотренное частью первой настоящей статьи, совершенное в отношении лица, заведомо не достигшего двенадцатилетнего возраста (в стар. ред., до ФЗ от 29.02.2012 № 14-ФЗ)",51,0,46,4,0.0,1.0,,0,0,0.0,0,0,0,0.0,0.0,,0,3.0,,4.0,14,21,3,1,0,8,0.0,0.0,0.0,,0.0,0.0,0.0,0.0,,0.0,0.0,0.0,1,0,0,0,0,,1,0.0,,,,,,5,3.0,0.0,0.0,1.0,0.0,0.0,,0.0,0.0,0.0,0.0,0.0,,0.0,0.0,0.0,0.0,33,68.0,0.0,0.0,3.0,6.0,0.0,0.0,5.0,5.0,,,,,,,
76,2015,135ч.4,"Деяния, предусмотренные частями второй или третьей настоящей статьи, совершенные группой лиц по предварительному сговору или организованной группой (в стар. ред., до ФЗ от 29.02.2012 № 14-ФЗ)",1,0,0,1,0.0,0.0,,0,0,0.0,0,0,0,0.0,0.0,,0,0.0,,0.0,0,0,0,0,0,0,0.0,0.0,0.0,,0.0,0.0,0.0,0.0,,0.0,0.0,0.0,0,0,0,0,0,,0,0.0,,,,,,0,0.0,0.0,0.0,0.0,0.0,0.0,,0.0,0.0,0.0,0.0,0.0,,0.0,0.0,0.0,0.0,4,5.0,0.0,0.0,0.0,0.0,0.0,0.0,0.0,0.0,,,,,,,
77,2015,135ч.5,"Деяние, предусмотренное частью второй, совершенное лицом, имеющим судимость за ранее совершенное преступление против половой неприкосновенности несовершеннолетнего (c ред. ФЗ от 29.02.2012 № 14-ФЗ)",4,0,4,0,0.0,0.0,,0,0,0.0,0,0,0,0.0,0.0,,0,0.0,,0.0,0,0,3,1,0,0,0.0,0.0,0.0,,0.0,0.0,0.0,0.0,,0.0,0.0,0.0,0,0,0,0,0,,0,0.0,,,,,,0,3.0,0.0,0.0,0.0,0.0,0.0,,0.0,0.0,0.0,0.0,0.0,,0.0,0.0,0.0,0.0,2,4.0,1.0,1.0,0.0,0.0,0.0,0.0,0.0,0.0,,,,,,,
79,2015,242.1ч.2,"Те же деяния, совершенные при отягчающих обстоятельствах (стар. ред., до ФЗ от 29.02.2012 № 14-ФЗ)",177,0,57,113,0.0,1.0,,1,0,0.0,5,0,0,0.0,0.0,,6,8.0,,23.0,19,1,0,0,0,12,0.0,2.0,3.0,,0.0,0.0,0.0,0.0,,0.0,0.0,0.0,0,0,0,0,0,,1,0.0,,,,,,4,5.0,0.0,0.0,5.0,0.0,0.0,,0.0,0.0,0.0,0.0,0.0,,1.0,0.0,0.0,0.0,12,340.0,0.0,0.0,0.0,0.0,0.0,0.0,4.0,4.0,,,,,,,
80,2015,242.2ч.1,Использование несовершеннолетнего в целях изготовления порнографических материалов или предметов,3,0,2,1,0.0,0.0,,0,0,0.0,0,0,0,0.0,0.0,,0,0.0,,0.0,2,0,0,0,0,0,0.0,0.0,0.0,,0.0,0.0,0.0,0.0,,0.0,0.0,0.0,0,0,0,0,0,,0,0.0,,,,,,0,0.0,0.0,0.0,0.0,0.0,0.0,,0.0,0.0,0.0,0.0,0.0,,0.0,0.0,0.0,0.0,3,5.0,0.0,0.0,0.0,0.0,0.0,0.0,0.0,0.0,,,,,,,
81,2015,242.2ч.2,"Те же деяния, совершенные в отношении двух или более лиц;  группой лиц по предварительному сговору или организованной группой; в отношении лица, не достигшего четырнадцатилетнего возраста; с использованием информационно-телекоммуникационных сетей (включая сеть ""Интернет"")",4,0,4,0,0.0,0.0,,0,0,0.0,0,0,0,0.0,0.0,,0,0.0,,0.0,0,3,1,0,0,0,0.0,0.0,0.0,,0.0,0.0,0.0,0.0,,0.0,0.0,0.0,0,0,0,0,0,,0,0.0,,,,,,0,0.0,0.0,0.0,1.0,0.0,0.0,,0.0,0.0,0.0,0.0,0.0,,0.0,0.0,0.0,0.0,13,41.0,1.0,1.0,2.0,2.0,0.0,0.0,0.0,0.0,,,,,,,
82,2016,134ч.1,"Половое сношение и иные действия сексуального характера с лицом, не достигшим шестнадцати лет (в стар. ред., до ФЗ от 29.02.2012 № 14-ФЗ)",2234,0,256,572,0.0,262.0,,0,752,0.0,14,0,1,0.0,0.0,,112,129.0,,15.0,0,0,0,0,0,0,4.0,8.0,2.0,,0.0,0.0,0.0,0.0,,0.0,88.0,289.0,1,0,0,572,19,,21,4.0,,,,,,9,15.0,0.0,0.0,1.0,0.0,0.0,,0.0,0.0,0.0,0.0,0.0,,5.0,0.0,0.0,0.0,99,603.0,1.0,2.0,1.0,1.0,53.0,117.0,9.0,9.0,,,,,,,
83,2016,134ч.2,"Те же деяния, совершенные с лицом, не достигшим четырнадцатилетнего возраста (в стар. ред., до ФЗ от 29.02.2012 № 14-ФЗ)",11,0,10,1,0.0,0.0,,0,0,0.0,0,0,0,0.0,0.0,,0,1.0,,5.0,4,0,0,0,0,0,0.0,0.0,0.0,,0.0,0.0,0.0,0.0,,0.0,0.0,0.0,0,0,0,0,0,,0,0.0,,,,,,0,1.0,0.0,0.0,0.0,0.0,0.0,,0.0,0.0,0.0,0.0,0.0,,1.0,0.0,0.0,0.0,5,19.0,0.0,0.0,0.0,0.0,0.0,0.0,0.0,0.0,,,,,,,
84,2016,134ч.3,"Деяния, предусмотренные частью первой настоящей статьи, совершенные с лицом, заведомо не достигшим двенадцатилетнего возраста (в стар. ред., до ФЗ от 29.02.2012 № 14-ФЗ)",303,0,255,29,0.0,5.0,,9,5,0.0,0,0,0,0.0,0.0,,15,22.0,,122.0,93,3,0,0,0,37,0.0,0.0,0.0,,0.0,0.0,0.0,0.0,,0.0,0.0,0.0,0,0,0,1,0,,0,0.0,,,,,,9,8.0,0.0,0.0,10.0,0.0,0.0,,0.0,0.0,0.0,0.0,0.0,,0.0,0.0,0.0,0.0,15,118.0,1.0,1.0,1.0,1.0,0.0,0.0,9.0,9.0,,,,,,,
85,2016,134ч.4,"Деяния, предусмотренные частями второй или третьей настоящей статьи, совершенные группой лиц, группой лиц по предварительному сговору или организованной группой (в стар. ред., до ФЗ от 29.02.2012 № 14-ФЗ)",16,0,16,0,0.0,0.0,,0,0,0.0,0,0,0,0.0,0.0,,0,0.0,,2.0,3,8,3,0,0,8,0.0,0.0,0.0,,0.0,0.0,0.0,0.0,,0.0,0.0,0.0,0,0,0,0,0,,0,0.0,,,,,,1,0.0,0.0,0.0,0.0,0.0,0.0,,0.0,0.0,0.0,0.0,0.0,,0.0,0.0,0.0,0.0,1,19.0,0.0,0.0,0.0,0.0,0.0,0.0,1.0,1.0,,,,,,,
86,2016,134ч.5,"Деяния, предусмотренные частями первой, второй, третьей или четвертой, совершенные группой лиц, группой лиц по предварительному сговору или организованной группой (c ред. ФЗ от 29.02.2012 № 14-ФЗ)",7,0,7,0,0.0,0.0,,0,0,0.0,0,0,0,0.0,0.0,,0,2.0,,0.0,1,0,0,4,0,4,0.0,0.0,0.0,,0.0,0.0,0.0,0.0,,0.0,0.0,0.0,0,0,0,0,0,,0,0.0,,,,,,0,0.0,0.0,0.0,0.0,0.0,0.0,,0.0,0.0,0.0,0.0,0.0,,0.0,0.0,0.0,0.0,0,0.0,0.0,0.0,0.0,0.0,0.0,0.0,0.0,0.0,,,,,,,
87,2016,134ч.6,"Деяния, предусмотренные частью третьей, совершенные лицом, имеющим судимость за ранее совершенное преступление против половой неприкосновенности несовершеннолетнего (c ред. ФЗ от 29.02.2012 № 14-ФЗ)",0,0,0,0,0.0,0.0,,0,0,0.0,0,0,0,0.0,0.0,,0,0.0,,0.0,0,0,0,0,0,0,0.0,0.0,0.0,,0.0,0.0,0.0,0.0,,0.0,0.0,0.0,0,0,0,0,0,,0,0.0,,,,,,0,0.0,0.0,0.0,0.0,0.0,0.0,,0.0,0.0,0.0,0.0,0.0,,0.0,0.0,0.0,0.0,0,0.0,0.0,0.0,0.0,0.0,0.0,0.0,0.0,0.0,,,,,,,
88,2016,135ч.1,"Совершение развратных действий без применения насилия лицом, достигшим восемнадцатилетнего возраста, в отношении лица, заведомо не достигшего шестнадцатилетнего возраста (в стар. ред., до ФЗ от 29.02.2012 № 14-ФЗ)",149,0,19,15,0.0,55.0,,0,54,0.0,1,0,0,0.0,0.0,,6,12.0,,1.0,0,0,0,0,0,0,0.0,1.0,0.0,,0.0,0.0,0.0,0.0,,0.0,0.0,5.0,1,0,0,18,0,,5,0.0,,,,,,7,5.0,0.0,0.0,1.0,0.0,0.0,,0.0,0.0,0.0,0.0,0.0,,1.0,0.0,0.0,0.0,94,156.0,0.0,0.0,0.0,0.0,14.0,25.0,7.0,7.0,,,,,,,
89,2016,135ч.2,"То же деяние, совершенное в отношении лица, заведомо не достигшего четырнадцатилетнего возраста (в стар. ред., до ФЗ от 29.02.2012 № 14-ФЗ)",105,0,99,0,0.0,3.0,,1,1,0.0,0,0,0,0.0,0.0,,3,3.0,,42.0,47,4,0,0,0,6,0.0,0.0,0.0,,0.0,0.0,0.0,0.0,,0.0,1.0,0.0,2,0,0,0,0,,2,0.0,,,,,,13,5.0,0.0,0.0,12.0,0.0,0.0,,0.0,0.0,0.0,0.0,0.0,,0.0,0.0,0.0,0.0,72,175.0,2.0,5.0,2.0,3.0,0.0,0.0,13.0,13.0,,,,,,,
90,2016,135ч.3,"Деяние, предусмотренное частью первой настоящей статьи, совершенное в отношении лица, заведомо не достигшего двенадцатилетнего возраста (в стар. ред., до ФЗ от 29.02.2012 № 14-ФЗ)",55,0,50,3,0.0,1.0,,1,0,0.0,0,0,0,0.0,0.0,,3,3.0,,2.0,18,20,2,2,0,11,0.0,0.0,0.0,,0.0,0.0,0.0,0.0,,0.0,0.0,0.0,0,0,0,0,0,,1,0.0,,,,,,13,8.0,0.0,0.0,0.0,0.0,0.0,,0.0,0.0,0.0,0.0,0.0,,1.0,0.0,0.0,0.0,31,65.0,1.0,1.0,2.0,8.0,1.0,2.0,13.0,13.0,,,,,,,
91,2016,135ч.4,"Деяния, предусмотренные частями второй или третьей настоящей статьи, совершенные группой лиц по предварительному сговору или организованной группой (в стар. ред., до ФЗ от 29.02.2012 № 14-ФЗ)",0,0,0,0,0.0,0.0,,0,0,0.0,0,0,0,0.0,0.0,,0,0.0,,0.0,0,0,0,0,0,0,0.0,0.0,0.0,,0.0,0.0,0.0,0.0,,0.0,0.0,0.0,0,0,0,0,0,,0,0.0,,,,,,0,0.0,0.0,0.0,0.0,0.0,0.0,,0.0,0.0,0.0,0.0,0.0,,0.0,0.0,0.0,0.0,9,9.0,0.0,0.0,0.0,0.0,0.0,0.0,0.0,0.0,,,,,,,
92,2016,135ч.5,"Деяние, предусмотренное частью второй, совершенное лицом, имеющим судимость за ранее совершенное преступление против половой неприкосновенности несовершеннолетнего (c ред. ФЗ от 29.02.2012 № 14-ФЗ)",4,0,4,0,0.0,0.0,,0,0,0.0,0,0,0,0.0,0.0,,0,0.0,,0.0,0,0,2,2,0,1,0.0,0.0,0.0,,0.0,0.0,0.0,0.0,,0.0,0.0,0.0,0,0,0,0,0,,1,0.0,,,,,,0,1.0,0.0,0.0,0.0,0.0,0.0,,0.0,0.0,0.0,0.0,0.0,,0.0,0.0,0.0,0.0,3,4.0,1.0,3.0,0.0,0.0,0.0,0.0,0.0,0.0,,,,,,,
94,2016,242.1ч.2,"Те же деяния, совершенные при отягчающих обстоятельствах (стар. ред., до ФЗ от 29.02.2012 № 14-ФЗ)",161,0,53,98,0.0,4.0,,4,0,0.0,1,0,0,0.0,0.0,,4,6.0,,28.0,13,1,1,0,0,12,0.0,0.0,1.0,,0.0,0.0,0.0,0.0,,0.0,1.0,0.0,1,0,0,0,0,,1,0.0,,,,,,6,8.0,0.0,0.0,1.0,0.0,0.0,,0.0,0.0,0.0,0.0,0.0,,0.0,0.0,0.0,0.0,23,78.0,0.0,0.0,1.0,1.0,0.0,0.0,6.0,6.0,,,,,,,
95,2016,242.2ч.1,Использование несовершеннолетнего в целях изготовления порнографических материалов или предметов,2,0,1,1,0.0,0.0,,0,0,0.0,0,0,0,0.0,0.0,,0,0.0,,1.0,0,0,0,0,0,0,0.0,0.0,0.0,,0.0,0.0,0.0,0.0,,0.0,0.0,0.0,0,0,0,0,0,,0,0.0,,,,,,0,0.0,0.0,0.0,0.0,0.0,0.0,,0.0,0.0,0.0,0.0,0.0,,0.0,0.0,0.0,0.0,2,2.0,0.0,0.0,1.0,1.0,0.0,0.0,0.0,0.0,,,,,,,
96,2016,242.2ч.2,"Те же деяния, совершенные в отношении двух или более лиц;  группой лиц по предварительному сговору или организованной группой; в отношении лица, не достигшего четырнадцатилетнего возраста; с использованием информационно-телекоммуникационных сетей (включая сеть ""Интернет"")",4,0,4,0,0.0,0.0,,0,0,0.0,0,0,0,0.0,0.0,,0,0.0,,0.0,0,0,4,0,0,0,0.0,0.0,0.0,,0.0,0.0,0.0,0.0,,0.0,0.0,0.0,0,0,0,0,0,,0,0.0,,,,,,0,2.0,0.0,0.0,1.0,0.0,0.0,,0.0,0.0,0.0,0.0,0.0,,0.0,0.0,0.0,0.0,25,55.0,0.0,0.0,0.0,0.0,0.0,0.0,0.0,0.0,,,,,,,
97,2017,134ч.1,"Половое сношение и иные действия сексуального характера с лицом, не достигшим шестнадцати лет (в старой редакции, до ФЗ от 29.02.2012 № 14-ФЗ)",2285,0,258,521,0.0,278.0,,1,824,1.0,4,0,3,0.0,0.0,,99,138.0,,18.0,3,0,0,0,0,0,0.0,4.0,0.0,,0.0,0.0,0.0,0.0,,0.0,75.0,320.0,0,0,0,689,23,70.0,16,8.0,,,,,,11,9.0,0.0,0.0,0.0,0.0,0.0,,0.0,0.0,0.0,0.0,0.0,,0.0,0.0,0.0,0.0,121,789.0,3.0,3.0,1.0,8.0,50.0,83.0,11.0,11.0,,,,,,,
98,2017,134ч.2,"Половое сношение и иные действия сексуального характера с лицом, не достигшим шестнадцати лет, совершенные с лицом, не достигшим четырнадцатилетнего возраста (в старой редакции, до ФЗ от 29.02.2012 № 14-ФЗ)",12,0,8,3,0.0,0.0,,0,0,1.0,0,0,0,0.0,0.0,,0,4.0,,1.0,2,1,0,0,0,0,0.0,0.0,0.0,,0.0,0.0,0.0,0.0,,0.0,0.0,0.0,0,0,0,0,0,0.0,0,0.0,,,,,,0,5.0,0.0,0.0,0.0,0.0,0.0,,0.0,0.0,0.0,0.0,0.0,,0.0,0.0,0.0,0.0,6,42.0,1.0,2.0,1.0,1.0,0.0,0.0,0.0,0.0,,,,,,,
99,2017,134ч.3,"Деяния, предусмотренные частью первой настоящей статьи, совершенные с лицом, заведомо не достигшим двенадцатилетнего возраста (в старой редакции до ФЗ от 29.02.2012 № 14-ФЗ)",280,0,243,16,0.0,8.0,,6,4,1.0,1,0,0,0.0,0.0,,15,29.0,,97.0,94,8,0,0,0,41,0.0,0.0,1.0,,0.0,0.0,0.0,0.0,,0.0,1.0,0.0,0,0,0,0,0,0.0,1,0.0,,,,,,7,5.0,0.0,1.0,5.0,0.0,0.0,,0.0,0.0,0.0,0.0,0.0,,0.0,0.0,0.0,0.0,22,89.0,1.0,1.0,0.0,0.0,0.0,0.0,7.0,7.0,,,,,,,
100,2017,134ч.4,"Деяния, предусмотренные частями второй или третьей настоящей статьи, совершенные группой лиц, группой лиц по предварительному сговору или организованной группой (в старой редакции до ФЗ от 29.02.2012 № 14-ФЗ)",16,0,16,0,0.0,0.0,,0,0,0.0,0,0,0,0.0,0.0,,0,0.0,,0.0,4,7,4,1,0,3,0.0,0.0,0.0,,0.0,0.0,0.0,0.0,,0.0,0.0,0.0,0,0,0,0,0,0.0,0,0.0,,,,,,0,3.0,0.0,0.0,1.0,0.0,0.0,,0.0,0.0,0.0,0.0,0.0,,0.0,0.0,0.0,0.0,2,2.0,0.0,0.0,0.0,0.0,0.0,0.0,0.0,0.0,,,,,,,
101,2017,134ч.5,"Деяния, предусмотренные частями первой, второй, третьей или четвертой, совершенные группой лиц, группой лиц по предварительному сговору или организованной группой (c редакции ФЗ от 29.02.2012 № 14-ФЗ)",8,0,8,0,0.0,0.0,,0,0,0.0,0,0,0,0.0,0.0,,0,0.0,,1.0,0,3,0,4,0,3,0.0,0.0,0.0,,0.0,0.0,0.0,0.0,,0.0,0.0,0.0,0,0,0,0,0,0.0,0,0.0,,,,,,0,1.0,0.0,0.0,1.0,0.0,0.0,,0.0,0.0,0.0,0.0,0.0,,0.0,0.0,0.0,0.0,0,2.0,0.0,0.0,0.0,0.0,0.0,0.0,0.0,0.0,,,,,,,
102,2017,134ч.6,"Деяния, предусмотренные частью третьей, совершенные лицом, имеющим судимость за ранее совершенное преступление против половой неприкосновенности несовершеннолетнего (c редакции ФЗ от 29.02.2012 № 14-ФЗ)",1,0,1,0,0.0,0.0,,0,0,0.0,0,0,0,0.0,0.0,,0,0.0,,0.0,1,0,0,0,0,1,0.0,0.0,0.0,,0.0,0.0,0.0,0.0,,0.0,0.0,0.0,0,0,0,0,0,0.0,0,0.0,,,,,,0,1.0,0.0,0.0,0.0,0.0,0.0,,0.0,0.0,0.0,0.0,0.0,,0.0,0.0,0.0,0.0,0,0.0,0.0,0.0,0.0,0.0,0.0,0.0,0.0,0.0,,,,,,,
103,2017,135ч.1,"Совершение развратных действий без применения насилия лицом, достигшим восемнадцатилетнего возраста, в отношении лица, заведомо не достигшего шестнадцатилетнего возраста (в старой редакции до ФЗ от 29.02.2012 № 14-ФЗ)",171,0,18,13,0.0,58.0,,0,76,0.0,1,0,0,0.0,0.0,,10,7.0,,1.0,0,0,0,0,0,0,0.0,0.0,1.0,,0.0,0.0,0.0,0.0,,0.0,0.0,5.0,0,1,0,15,0,9.0,2,0.0,,,,,,6,4.0,0.0,0.0,0.0,0.0,0.0,,0.0,0.0,0.0,0.0,0.0,,2.0,0.0,0.0,0.0,144,222.0,1.0,1.0,1.0,1.0,15.0,33.0,6.0,6.0,,,,,,,
104,2017,135ч.2,"Совершение развратных действий без применения насилия лицом, достигшим восемнадцатилетнего возраста, совершенное в отношении лица, заведомо не достигшего четырнадцатилетнего возраста (в старой редакции до ФЗ от 29.02.2012 № 14-ФЗ)",144,0,139,2,0.0,1.0,,0,0,0.0,0,0,0,0.0,0.0,,6,7.0,,54.0,64,8,0,0,0,12,0.0,0.0,0.0,,0.0,0.0,0.0,0.0,,0.0,1.0,1.0,1,0,0,0,0,0.0,1,0.0,,,,,,9,7.0,0.0,1.0,8.0,0.0,0.0,,0.0,0.0,0.0,0.0,0.0,,1.0,0.0,0.0,0.0,88,174.0,4.0,4.0,1.0,3.0,1.0,1.0,9.0,10.0,,,,,,,
105,2017,135ч.3,"Деяние, предусмотренное частью первой настоящей статьи, совершенное в отношении лица, заведомо не достигшего двенадцатилетнего возраста (в старой редакции до ФЗ от 29.02.2012 № 14-ФЗ)",79,0,75,3,0.0,0.0,,0,1,0.0,0,0,0,0.0,0.0,,0,3.0,,8.0,19,45,0,0,0,11,0.0,0.0,0.0,,0.0,0.0,0.0,0.0,,0.0,0.0,0.0,0,0,0,0,0,0.0,0,0.0,,,,,,6,8.0,0.0,0.0,1.0,0.0,0.0,,0.0,0.0,0.0,0.0,0.0,,0.0,0.0,0.0,0.0,28,76.0,1.0,2.0,0.0,0.0,0.0,0.0,6.0,6.0,,,,,,,
106,2017,135ч.4,"Деяния, предусмотренные частями второй или третьей настоящей статьи, совершенные группой лиц по предварительному сговору или организованной группой (в старой редакции до ФЗ от 29.02.2012 № 14-ФЗ)",2,0,2,0,0.0,0.0,,0,0,0.0,0,0,0,0.0,0.0,,0,0.0,,0.0,0,1,1,0,0,0,0.0,0.0,0.0,,0.0,0.0,0.0,0.0,,0.0,0.0,0.0,0,0,0,0,0,0.0,0,0.0,,,,,,0,0.0,0.0,0.0,1.0,0.0,0.0,,0.0,0.0,0.0,0.0,0.0,,0.0,0.0,0.0,0.0,5,8.0,0.0,0.0,0.0,0.0,2.0,2.0,0.0,0.0,,,,,,,
107,2017,135ч.5,"Деяние, предусмотренное частью второй, совершенное лицом, имеющим судимость за ранее совершенное преступление против половой неприкосновенности несовершеннолетнего (c редакции ФЗ от 29.02.2012 № 14-ФЗ)",6,0,6,0,0.0,0.0,,0,0,0.0,0,0,0,0.0,0.0,,0,0.0,,0.0,0,1,5,0,0,1,0.0,0.0,0.0,,0.0,0.0,0.0,0.0,,0.0,0.0,0.0,0,0,0,0,0,0.0,0,0.0,,,,,,1,5.0,0.0,0.0,0.0,0.0,0.0,,0.0,0.0,0.0,0.0,0.0,,0.0,0.0,0.0,0.0,3,10.0,0.0,0.0,0.0,0.0,0.0,0.0,1.0,1.0,,,,,,,
109,2017,242.1ч.2,"Изготовление, хранение или перемещение через Государственную границу РФ материалов   или  предметов   с   порнографическими изображениями  заведомо  несовершеннолетних, совершенные при отягчающих обстоятельствах (в старой редакции до ФЗ от 29.02.2012 № 14-ФЗ)",194,0,83,80,0.0,8.0,,12,3,0.0,7,0,0,0.0,0.0,,14,25.0,,29.0,13,2,0,0,0,31,0.0,0.0,4.0,,3.0,0.0,0.0,0.0,,0.0,1.0,0.0,1,0,0,0,0,0.0,1,0.0,,,,,,11,10.0,0.0,0.0,2.0,0.0,0.0,,0.0,0.0,0.0,0.0,0.0,,0.0,0.0,0.0,0.0,37,134.0,2.0,2.0,1.0,1.0,0.0,0.0,11.0,12.0,,,,,,,
110,2017,242.2ч.1,Использование несовершеннолетнего в целях изготовления порнографических материалов или предметов,3,0,2,1,0.0,0.0,,0,0,0.0,0,0,0,0.0,0.0,,0,0.0,,1.0,1,0,0,0,0,0,0.0,0.0,0.0,,0.0,0.0,0.0,0.0,,0.0,0.0,0.0,0,0,0,0,0,0.0,0,0.0,,,,,,0,0.0,0.0,0.0,0.0,0.0,0.0,,0.0,0.0,0.0,0.0,0.0,,0.0,0.0,0.0,0.0,4,4.0,1.0,1.0,0.0,0.0,0.0,0.0,0.0,0.0,,,,,,,
111,2017,242.2ч.2,"Использование несовершеннолетнего в целях изготовления порнографических материалов или предметов, совершенное в отношении двух или более лиц;  группой лиц по предварительному сговору или организованной группой; в отношении лица, не достигшего четырнадцатилетнего возраста; с использованием информационно-телекоммуникационных сетей (включая сеть Интернет)",10,0,9,1,0.0,0.0,,0,0,0.0,0,0,0,0.0,0.0,,0,1.0,,0.0,3,2,3,0,0,3,0.0,0.0,0.0,,0.0,0.0,0.0,0.0,,0.0,0.0,0.0,0,0,0,0,0,0.0,0,0.0,,,,,,0,1.0,0.0,0.0,2.0,0.0,0.0,,0.0,0.0,0.0,0.0,0.0,,0.0,0.0,0.0,0.0,26,102.0,2.0,2.0,1.0,1.0,0.0,0.0,0.0,2.0,,,,,,,
112,2018,134ч.1,"Половое сношение и иные действия сексуального характера с лицом, не достигшим шестнадцати лет (в старой редакции, до ФЗ от 29.02.2012 № 14-ФЗ)",2280,0,245,509,0.0,311.0,,0,839,2.0,12,0,1,0.0,0.0,,90,145.0,,10.0,0,0,0,0,0,0,2.0,9.0,1.0,,0.0,0.0,0.0,0.0,174000.0,0.0,80.0,281.0,1,2,0,703,41,220.0,5,12.0,42.0,145.0,32.0,1.0,3946000.0,13,10.0,0.0,0.0,1.0,0.0,0.0,,0.0,0.0,0.0,0.0,0.0,0.0,1.0,0.0,0.0,0.0,112,745.0,2.0,2.0,3.0,4.0,81.0,168.0,13.0,13.0,,,,,,,
113,2018,134ч.2,"Половое сношение и иные действия сексуального характера с лицом, не достигшим шестнадцати лет, совершенные с лицом, не достигшим четырнадцатилетнего возраста (в старой редакции, до ФЗ от 29.02.2012 № 14-ФЗ)",14,0,10,4,0.0,0.0,,0,0,0.0,0,0,0,0.0,0.0,,2,4.0,,4.0,0,0,0,0,0,0,0.0,0.0,0.0,,0.0,0.0,0.0,0.0,0.0,0.0,0.0,0.0,0,0,0,0,0,0.0,0,0.0,0.0,0.0,0.0,0.0,0.0,1,2.0,0.0,0.0,0.0,0.0,0.0,,0.0,0.0,0.0,0.0,0.0,0.0,1.0,0.0,0.0,0.0,8,30.0,0.0,0.0,0.0,0.0,0.0,0.0,1.0,1.0,,,,,,,
114,2018,134ч.3,"Деяния, предусмотренные частью первой настоящей статьи, совершенные с лицом, заведомо не достигшим двенадцатилетнего возраста (в старой редакции до ФЗ от 29.02.2012 № 14-ФЗ)",296,0,254,21,0.0,15.0,,3,2,0.0,0,0,0,0.0,0.0,,12,28.0,,101.0,103,10,0,0,0,35,0.0,0.0,0.0,,0.0,0.0,0.0,0.0,0.0,0.0,1.0,0.0,2,0,0,0,0,0.0,0,0.0,0.0,0.0,0.0,0.0,0.0,7,8.0,0.0,0.0,18.0,0.0,0.0,,0.0,0.0,0.0,0.0,0.0,0.0,0.0,0.0,0.0,0.0,27,184.0,0.0,0.0,1.0,1.0,0.0,0.0,7.0,7.0,,,,,,,
115,2018,134ч.4,"Деяния, предусмотренные частями второй или третьей настоящей статьи, совершенные группой лиц, группой лиц по предварительному сговору или организованной группой (в старой редакции до ФЗ от 29.02.2012 № 14-ФЗ)",18,0,17,1,0.0,0.0,,0,0,0.0,0,0,0,0.0,0.0,,0,0.0,,0.0,4,9,4,0,0,6,0.0,0.0,0.0,,0.0,0.0,0.0,0.0,0.0,0.0,0.0,0.0,0,0,0,0,0,0.0,0,0.0,0.0,0.0,0.0,0.0,0.0,0,0.0,0.0,1.0,0.0,0.0,0.0,,0.0,0.0,0.0,0.0,0.0,0.0,0.0,0.0,0.0,0.0,7,7.0,0.0,0.0,0.0,0.0,0.0,0.0,0.0,0.0,,,,,,,
116,2018,134ч.5,"Деяния, предусмотренные частями первой, второй, третьей или четвертой, совершенные группой лиц, группой лиц по предварительному сговору или организованной группой (c редакции ФЗ от 29.02.2012 № 14-ФЗ)",6,0,5,1,0.0,0.0,,0,0,0.0,0,0,0,0.0,0.0,,0,0.0,,1.0,1,0,1,2,0,3,0.0,0.0,0.0,,0.0,0.0,0.0,0.0,0.0,0.0,0.0,0.0,0,0,0,0,0,0.0,0,0.0,0.0,0.0,0.0,0.0,0.0,2,0.0,0.0,0.0,1.0,0.0,0.0,,0.0,0.0,0.0,0.0,0.0,0.0,0.0,0.0,0.0,0.0,2,2.0,0.0,0.0,0.0,0.0,0.0,0.0,2.0,2.0,,,,,,,
117,2018,134ч.6,"Деяния, предусмотренные частью третьей, совершенные лицом, имеющим судимость за ранее совершенное преступление против половой неприкосновенности несовершеннолетнего (c редакции ФЗ от 29.02.2012 № 14-ФЗ)",6,0,6,0,0.0,0.0,,0,0,0.0,0,0,0,0.0,0.0,,0,0.0,,0.0,1,1,0,2,2,2,0.0,0.0,0.0,,0.0,0.0,0.0,0.0,0.0,0.0,0.0,0.0,0,0,0,0,0,0.0,0,0.0,0.0,0.0,0.0,0.0,0.0,0,6.0,0.0,0.0,0.0,0.0,0.0,,0.0,0.0,0.0,0.0,0.0,0.0,0.0,0.0,0.0,0.0,0,1.0,0.0,0.0,0.0,0.0,0.0,0.0,0.0,0.0,,,,,,,
118,2018,135ч.1,"Совершение развратных действий без применения насилия лицом, достигшим восемнадцатилетнего возраста, в отношении лица, заведомо не достигшего шестнадцатилетнего возраста (в старой редакции до ФЗ от 29.02.2012 № 14-ФЗ)",201,0,20,16,0.0,65.0,,0,80,5.0,2,0,1,0.0,0.0,,11,8.0,,1.0,0,0,0,0,0,0,0.0,0.0,1.0,,1.0,0.0,0.0,0.0,330000.0,0.0,1.0,11.0,0,0,0,37,1,4.0,5,0.0,0.0,5.0,0.0,0.0,74000.0,4,8.0,0.0,0.0,0.0,0.0,0.0,,0.0,0.0,0.0,0.0,0.0,0.0,1.0,0.0,0.0,0.0,178,271.0,2.0,2.0,2.0,5.0,37.0,49.0,4.0,4.0,,,,,,,
119,2018,135ч.2,"Совершение развратных действий без применения насилия лицом, достигшим восемнадцатилетнего возраста, совершенное в отношении лица, заведомо не достигшего четырнадцатилетнего возраста (в старой редакции до ФЗ от 29.02.2012 № 14-ФЗ)",179,0,161,7,0.0,8.0,,1,1,0.0,0,0,0,0.0,0.0,,7,17.0,,71.0,62,4,0,0,0,24,0.0,0.0,0.0,,0.0,0.0,0.0,0.0,0.0,0.0,1.0,0.0,0,0,0,0,0,0.0,3,0.0,0.0,0.0,0.0,0.0,0.0,5,15.0,0.0,0.0,16.0,0.0,0.0,,0.0,0.0,0.0,0.0,0.0,0.0,0.0,0.0,0.0,0.0,114,213.0,4.0,6.0,0.0,0.0,2.0,2.0,5.0,5.0,,,,,,,
120,2018,135ч.3,"Деяние, предусмотренное частью первой настоящей статьи, совершенное в отношении лица, заведомо не достигшего двенадцатилетнего возраста (в старой редакции до ФЗ от 29.02.2012 № 14-ФЗ)",76,0,72,4,0.0,0.0,,0,0,0.0,0,0,0,0.0,0.0,,0,1.0,,8.0,25,37,1,0,0,12,0.0,0.0,0.0,,0.0,0.0,0.0,0.0,0.0,0.0,0.0,0.0,0,0,0,0,0,0.0,1,0.0,0.0,0.0,0.0,0.0,0.0,17,7.0,0.0,0.0,0.0,0.0,0.0,,0.0,0.0,0.0,0.0,0.0,0.0,0.0,0.0,0.0,0.0,44,67.0,0.0,0.0,1.0,2.0,1.0,1.0,17.0,17.0,,,,,,,
121,2018,135ч.4,"Деяния, предусмотренные частями второй или третьей настоящей статьи, совершенные группой лиц по предварительному сговору или организованной группой (в старой редакции до ФЗ от 29.02.2012 № 14-ФЗ)",4,0,4,0,0.0,0.0,,0,0,0.0,0,0,0,0.0,0.0,,0,0.0,,1.0,0,3,0,0,0,1,0.0,0.0,0.0,,0.0,0.0,0.0,0.0,0.0,0.0,0.0,0.0,0,0,0,0,0,0.0,0,0.0,0.0,0.0,0.0,0.0,0.0,0,0.0,0.0,0.0,0.0,0.0,0.0,,0.0,0.0,0.0,0.0,0.0,0.0,0.0,0.0,0.0,0.0,3,6.0,0.0,0.0,0.0,0.0,0.0,0.0,0.0,0.0,,,,,,,
122,2018,135ч.5,"Деяние, предусмотренное частью второй, совершенное лицом, имеющим судимость за ранее совершенное преступление против половой неприкосновенности несовершеннолетнего (c редакции ФЗ от 29.02.2012 № 14-ФЗ)",4,0,4,0,0.0,0.0,,0,0,0.0,0,0,0,0.0,0.0,,0,0.0,,0.0,0,1,1,2,0,1,0.0,0.0,0.0,,0.0,0.0,0.0,0.0,0.0,0.0,0.0,0.0,0,0,0,0,0,0.0,0,0.0,0.0,0.0,0.0,0.0,0.0,0,4.0,0.0,0.0,0.0,0.0,0.0,,0.0,0.0,0.0,0.0,0.0,0.0,0.0,0.0,0.0,0.0,6,10.0,0.0,0.0,0.0,0.0,0.0,0.0,0.0,0.0,,,,,,,
124,2018,242.1ч.2,"Изготовление, хранение или перемещение через Государственную границу РФ материалов   или  предметов   с   порнографическими изображениями  заведомо  несовершеннолетних, совершенные при отягчающих обстоятельствах (в старой редакции до ФЗ от 29.02.2012 № 14-ФЗ)",198,0,79,91,0.0,7.0,,9,4,0.0,7,0,0,0.0,0.0,,5,18.0,,35.0,20,1,0,0,0,20,0.0,0.0,5.0,,2.0,0.0,0.0,0.0,850000.0,0.0,1.0,0.0,3,1,0,0,0,0.0,0,0.0,0.0,0.0,0.0,0.0,0.0,7,8.0,0.0,0.0,6.0,0.0,0.0,,0.0,0.0,0.0,0.0,0.0,0.0,0.0,0.0,0.0,0.0,43,172.0,2.0,3.0,1.0,1.0,0.0,0.0,7.0,7.0,,,,,,,
125,2018,242.2ч.1,Использование несовершеннолетнего в целях изготовления порнографических материалов или предметов,3,0,2,1,0.0,0.0,,0,0,0.0,0,0,0,0.0,0.0,,0,0.0,,0.0,2,0,0,0,0,0,0.0,0.0,0.0,,0.0,0.0,0.0,0.0,0.0,0.0,0.0,0.0,0,0,0,0,0,0.0,0,0.0,0.0,0.0,0.0,0.0,0.0,0,0.0,0.0,0.0,0.0,0.0,0.0,,0.0,0.0,0.0,0.0,0.0,0.0,0.0,0.0,0.0,0.0,14,39.0,1.0,1.0,2.0,2.0,0.0,0.0,0.0,0.0,,,,,,,
126,2018,242.2ч.2,"Использование несовершеннолетнего в целях изготовления порнографических материалов или предметов, совершенное в отношении двух или более лиц;  группой лиц по предварительному сговору или организованной группой; в отношении лица, не достигшего четырнадцатилетнего возраста; с использованием информационно-телекоммуникационных сетей (включая сеть Интернет)",9,0,9,0,0.0,0.0,,0,0,0.0,0,0,0,0.0,0.0,,0,0.0,,0.0,1,3,3,2,0,1,0.0,0.0,0.0,,0.0,0.0,0.0,0.0,0.0,0.0,0.0,0.0,1,0,0,0,0,0.0,0,0.0,0.0,0.0,0.0,0.0,0.0,0,1.0,0.0,0.0,3.0,0.0,0.0,,0.0,0.0,0.0,0.0,0.0,0.0,0.0,0.0,0.0,0.0,47,134.0,2.0,2.0,1.0,1.0,1.0,1.0,0.0,0.0,,,,,,,
127,2019,134ч.1,"Половое сношение и иные действия сексуального характера с лицом, не достигшим шестнадцати лет (в старой редакции, до ФЗ от 29.02.2012 № 14-ФЗ)",2108,0,217,477,0.0,238.0,,3,844,4.0,10,0,1,0.0,0.0,,93,114.0,,8.0,2,0,0,0,0,0,1.0,8.0,1.0,,0.0,0.0,0.0,0.0,156000.0,,,,1,0,0,752,25,386.0,1,8.0,87.0,254.0,41.0,4.0,6195000.0,16,11.0,0.0,0.0,0.0,0.0,0.0,,0.0,0.0,0.0,0.0,0.0,0.0,1.0,0.0,0.0,0.0,112,773.0,2.0,3.0,0.0,0.0,97.0,207.0,,17.0,51.0,254.0,0.0,0.0,3.0,6.0,
128,2019,134ч.2,"Половое сношение и иные действия сексуального характера с лицом, не достигшим шестнадцати лет, совершенные с лицом, не достигшим четырнадцатилетнего возраста (в старой редакции, до ФЗ от 29.02.2012 № 14-ФЗ)",21,0,12,8,0.0,1.0,,0,0,0.0,0,0,0,0.0,0.0,,3,4.0,,4.0,1,0,0,0,0,0,0.0,0.0,0.0,,0.0,0.0,0.0,0.0,0.0,,,,0,0,0,0,0,0.0,0,0.0,0.0,0.0,0.0,0.0,0.0,0,0.0,0.0,0.0,0.0,0.0,0.0,,0.0,0.0,0.0,0.0,0.0,0.0,0.0,0.0,0.0,0.0,7,15.0,0.0,0.0,0.0,0.0,0.0,0.0,,2.0,0.0,0.0,0.0,0.0,0.0,0.0,
129,2019,134ч.3,"Деяния, предусмотренные частью первой настоящей статьи, совершенные с лицом, заведомо не достигшим двенадцатилетнего возраста (в старой редакции до ФЗ от 29.02.2012 № 14-ФЗ)",257,0,221,17,0.0,8.0,,6,3,0.0,1,0,0,0.0,0.0,,19,29.0,,80.0,87,6,0,0,0,47,0.0,0.0,1.0,,0.0,0.0,0.0,0.0,100000.0,,,,0,0,0,1,0,0.0,2,0.0,0.0,0.0,0.0,0.0,0.0,9,7.0,0.0,1.0,12.0,0.0,0.0,,0.0,0.0,0.0,0.0,0.0,0.0,0.0,0.0,0.0,0.0,25,134.0,2.0,2.0,0.0,0.0,1.0,1.0,,7.0,1.0,0.0,0.0,0.0,0.0,0.0,
130,2019,134ч.4,"Деяния, предусмотренные частями второй или третьей настоящей статьи, совершенные группой лиц, группой лиц по предварительному сговору или организованной группой (в старой редакции до ФЗ от 29.02.2012 № 14-ФЗ)",22,0,18,4,0.0,0.0,,0,0,0.0,0,0,0,0.0,0.0,,0,0.0,,2.0,4,8,3,1,0,8,0.0,0.0,0.0,,0.0,0.0,0.0,0.0,0.0,,,,0,0,0,0,0,0.0,0,0.0,0.0,0.0,0.0,0.0,0.0,0,1.0,0.0,0.0,0.0,0.0,0.0,,0.0,0.0,0.0,0.0,0.0,0.0,0.0,0.0,0.0,0.0,0,3.0,0.0,0.0,0.0,0.0,0.0,0.0,,0.0,0.0,0.0,0.0,0.0,0.0,0.0,
131,2019,134ч.5,"Деяния, предусмотренные частями первой, второй, третьей или четвертой, совершенные группой лиц, группой лиц по предварительному сговору или организованной группой (c редакции ФЗ от 29.02.2012 № 14-ФЗ)",3,0,3,0,0.0,0.0,,0,0,0.0,0,0,0,0.0,0.0,,0,0.0,,0.0,2,1,0,0,0,3,0.0,0.0,0.0,,0.0,0.0,0.0,0.0,0.0,,,,0,0,0,0,0,0.0,1,0.0,0.0,0.0,0.0,0.0,0.0,0,0.0,0.0,0.0,0.0,0.0,0.0,,0.0,0.0,0.0,0.0,0.0,0.0,0.0,0.0,0.0,0.0,0,0.0,0.0,0.0,0.0,0.0,0.0,0.0,,0.0,0.0,0.0,0.0,0.0,0.0,0.0,
132,2019,134ч.6,"Деяния, предусмотренные частью третьей, совершенные лицом, имеющим судимость за ранее совершенное преступление против половой неприкосновенности несовершеннолетнего (c редакции ФЗ от 29.02.2012 № 14-ФЗ)",3,0,3,0,0.0,0.0,,0,0,0.0,0,0,0,0.0,0.0,,0,0.0,,0.0,0,1,0,1,1,1,0.0,0.0,0.0,,0.0,0.0,0.0,0.0,0.0,,,,0,0,0,0,0,0.0,0,0.0,0.0,0.0,0.0,0.0,0.0,0,3.0,0.0,0.0,0.0,0.0,0.0,,0.0,0.0,0.0,0.0,0.0,0.0,1.0,0.0,0.0,0.0,0,7.0,0.0,0.0,0.0,0.0,0.0,0.0,,0.0,0.0,0.0,0.0,0.0,0.0,0.0,
133,2019,135ч.1,"Совершение развратных действий без применения насилия лицом, достигшим восемнадцатилетнего возраста, в отношении лица, заведомо не достигшего шестнадцатилетнего возраста (в старой редакции до ФЗ от 29.02.2012 № 14-ФЗ)",231,0,26,19,0.0,59.0,,0,109,1.0,4,0,0,0.0,0.0,,8,15.0,,3.0,0,0,0,0,0,0,0.0,1.0,2.0,,0.0,1.0,0.0,0.0,450000.0,,,,0,0,0,30,1,40.0,4,0.0,4.0,20.0,15.0,1.0,1347000.0,14,5.0,0.0,0.0,0.0,0.0,0.0,,0.0,0.0,0.0,0.0,0.0,0.0,0.0,0.0,0.0,0.0,209,395.0,2.0,2.0,3.0,4.0,41.0,49.0,,16.0,0.0,4.0,0.0,0.0,1.0,8.0,
134,2019,135ч.2,"Совершение развратных действий без применения насилия лицом, достигшим восемнадцатилетнего возраста, совершенное в отношении лица, заведомо не достигшего четырнадцатилетнего возраста (в старой редакции до ФЗ от 29.02.2012 № 14-ФЗ)",189,0,167,11,0.0,5.0,,4,0,0.0,2,0,0,0.0,0.0,,4,16.0,,61.0,81,5,0,0,0,23,0.0,0.0,1.0,,1.0,0.0,0.0,0.0,250000.0,,,,0,0,0,0,0,0.0,0,0.0,0.0,0.0,0.0,0.0,0.0,17,11.0,0.0,2.0,21.0,0.0,0.0,,0.0,0.0,0.0,0.0,0.0,0.0,0.0,0.0,0.0,0.0,125,271.0,4.0,4.0,1.0,3.0,0.0,0.0,,20.0,0.0,0.0,0.0,0.0,0.0,0.0,
135,2019,135ч.3,"Деяние, предусмотренное частью первой настоящей статьи, совершенное в отношении лица, заведомо не достигшего двенадцатилетнего возраста (в старой редакции до ФЗ от 29.02.2012 № 14-ФЗ)",95,0,86,7,0.0,1.0,,0,0,0.0,1,0,0,0.0,0.0,,2,8.0,,10.0,27,39,0,0,0,27,0.0,0.0,0.0,,0.0,1.0,0.0,0.0,450000.0,,,,0,0,0,0,0,0.0,0,0.0,0.0,0.0,0.0,0.0,0.0,10,13.0,0.0,0.0,0.0,0.0,0.0,,0.0,0.0,0.0,0.0,0.0,0.0,0.0,0.0,0.0,0.0,57,108.0,1.0,1.0,0.0,0.0,0.0,0.0,,9.0,0.0,0.0,0.0,0.0,0.0,0.0,
136,2019,135ч.4,"Деяния, предусмотренные частями второй или третьей настоящей статьи, совершенные группой лиц по предварительному сговору или организованной группой (в старой редакции до ФЗ от 29.02.2012 № 14-ФЗ)",7,0,7,0,0.0,0.0,,0,0,0.0,0,0,0,0.0,0.0,,0,0.0,,0.0,0,6,0,1,0,0,0.0,0.0,0.0,,0.0,0.0,0.0,0.0,0.0,,,,0,0,0,0,0,0.0,0,0.0,0.0,0.0,0.0,0.0,0.0,0,1.0,0.0,0.0,2.0,0.0,0.0,,0.0,0.0,0.0,0.0,0.0,0.0,0.0,0.0,0.0,0.0,11,24.0,0.0,0.0,0.0,0.0,1.0,1.0,,0.0,0.0,0.0,0.0,0.0,0.0,0.0,
137,2019,135ч.5,"Деяние, предусмотренное частью второй, совершенное лицом, имеющим судимость за ранее совершенное преступление против половой неприкосновенности несовершеннолетнего (c редакции ФЗ от 29.02.2012 № 14-ФЗ)",6,0,6,0,0.0,0.0,,0,0,0.0,0,0,0,0.0,0.0,,0,0.0,,1.0,1,0,2,2,0,2,0.0,0.0,0.0,,0.0,0.0,0.0,0.0,0.0,,,,0,0,0,0,0,0.0,0,0.0,0.0,0.0,0.0,0.0,0.0,0,4.0,0.0,0.0,0.0,0.0,0.0,,0.0,0.0,0.0,0.0,0.0,0.0,0.0,0.0,0.0,0.0,7,15.0,0.0,0.0,0.0,0.0,0.0,0.0,,0.0,0.0,0.0,0.0,0.0,0.0,0.0,
139,2019,242.1ч.2,"Изготовление, хранение или перемещение через Государственную границу РФ материалов   или  предметов   с   порнографическими изображениями  заведомо  несовершеннолетних, совершенные при отягчающих обстоятельствах (в старой редакции до ФЗ от 29.02.2012 № 14-ФЗ)",171,0,78,75,0.0,7.0,,6,1,0.0,3,0,0,0.0,0.0,,4,13.0,,35.0,25,1,0,0,0,15,0.0,2.0,0.0,,1.0,0.0,0.0,0.0,235000.0,,,,2,2,0,0,0,1.0,2,0.0,0.0,1.0,0.0,0.0,10000.0,6,2.0,0.0,0.0,4.0,0.0,0.0,,0.0,0.0,0.0,0.0,0.0,0.0,1.0,0.0,0.0,0.0,53,128.0,2.0,2.0,1.0,1.0,1.0,39.0,,8.0,1.0,0.0,0.0,0.0,0.0,0.0,
140,2019,242.2ч.1,Использование несовершеннолетнего в целях изготовления порнографических материалов или предметов,8,0,5,3,0.0,0.0,,0,0,0.0,0,0,0,0.0,0.0,,0,0.0,,3.0,2,0,0,0,0,0,0.0,0.0,0.0,,0.0,0.0,0.0,0.0,0.0,,,,0,0,0,0,0,0.0,0,0.0,0.0,0.0,0.0,0.0,0.0,0,1.0,0.0,0.0,0.0,0.0,0.0,,0.0,0.0,0.0,0.0,0.0,0.0,0.0,0.0,0.0,0.0,5,10.0,0.0,0.0,1.0,1.0,1.0,1.0,,0.0,0.0,0.0,0.0,0.0,0.0,0.0,
141,2019,242.2ч.2,"Использование несовершеннолетнего в целях изготовления порнографических материалов или предметов, совершенное в отношении двух или более лиц;  группой лиц по предварительному сговору или организованной группой; в отношении лица, не достигшего четырнадцатилетнего возраста; с использованием информационно-телекоммуникационных сетей (включая сеть Интернет)",12,0,12,0,0.0,0.0,,0,0,0.0,0,0,0,0.0,0.0,,1,0.0,,1.0,3,3,4,0,0,5,0.0,0.0,0.0,,0.0,0.0,0.0,0.0,0.0,,,,0,0,0,0,0,0.0,0,0.0,0.0,0.0,0.0,0.0,0.0,0,1.0,0.0,1.0,1.0,0.0,0.0,,0.0,0.0,0.0,0.0,0.0,0.0,0.0,0.0,0.0,0.0,50,114.0,0.0,0.0,4.0,4.0,0.0,0.0,,14.0,0.0,0.0,0.0,0.0,0.0,0.0,
142,2020,134ч.1,"Половое сношение и иные действия сексуального характера с лицом, не достигшим шестнадцати лет (в старой редакции, до ФЗ от 29.02.2012 № 14-ФЗ)",1930,0,193,408,0.0,207.0,,2,840,1.0,16,0,0,0.0,0.0,,64,113.0,,16.0,0,0,0,0,0,0,2.0,7.0,7.0,,0.0,0.0,0.0,0.0,,,,,1,0,0,783,15,399.0,3,8.0,87.0,269.0,43.0,0.0,,18,10.0,0.0,0.0,0.0,0.0,0.0,,0.0,0.0,0.0,0.0,0.0,,0.0,0.0,0.0,0.0,103,754.0,0.0,0.0,1.0,1.0,131.0,291.0,,,33.0,222.0,0.0,0.0,3.0,5.0,1.0
143,2020,134ч.2,"Половое сношение и иные действия сексуального характера с лицом, не достигшим шестнадцати лет, совершенные с лицом, не достигшим четырнадцатилетнего возраста (в старой редакции, до ФЗ от 29.02.2012 № 14-ФЗ)",14,0,6,7,0.0,0.0,,0,0,1.0,0,0,0,0.0,0.0,,0,1.0,,3.0,2,0,0,0,0,0,0.0,0.0,0.0,,0.0,0.0,0.0,0.0,,,,,0,0,0,1,0,0.0,0,0.0,0.0,0.0,0.0,0.0,,0,1.0,0.0,0.0,0.0,0.0,0.0,,0.0,0.0,0.0,0.0,0.0,,1.0,0.0,0.0,0.0,5,27.0,0.0,0.0,0.0,0.0,0.0,0.0,,,0.0,0.0,0.0,0.0,0.0,0.0,0.0
144,2020,134ч.3,"Деяния, предусмотренные частью первой настоящей статьи, совершенные с лицом, заведомо не достигшим двенадцатилетнего возраста (в старой редакции до ФЗ от 29.02.2012 № 14-ФЗ)",238,0,193,13,0.0,12.0,,12,3,0.0,1,0,0,1.0,0.0,,16,19.0,,77.0,76,5,0,0,0,33,0.0,0.0,1.0,,0.0,0.0,0.0,0.0,,,,,1,0,0,0,0,0.0,0,0.0,0.0,0.0,0.0,0.0,,6,3.0,0.0,1.0,13.0,0.0,0.0,,0.0,0.0,0.0,0.0,0.0,,1.0,0.0,0.0,0.0,20,113.0,1.0,2.0,1.0,2.0,0.0,0.0,,,2.0,0.0,0.0,0.0,1.0,0.0,0.0
145,2020,134ч.4,"Деяния, предусмотренные частями второй или третьей настоящей статьи, совершенные группой лиц, группой лиц по предварительному сговору или организованной группой (в старой редакции до ФЗ от 29.02.2012 № 14-ФЗ)",12,0,10,2,0.0,0.0,,0,0,0.0,0,0,0,0.0,0.0,,0,0.0,,0.0,3,3,3,1,0,3,0.0,0.0,0.0,,0.0,0.0,0.0,0.0,,,,,0,0,0,0,0,0.0,0,0.0,0.0,0.0,0.0,0.0,,0,2.0,0.0,0.0,0.0,0.0,0.0,,0.0,0.0,0.0,0.0,0.0,,0.0,0.0,0.0,0.0,2,6.0,0.0,0.0,0.0,0.0,0.0,0.0,,,0.0,0.0,0.0,0.0,0.0,0.0,0.0
146,2020,134ч.5,"Деяния, предусмотренные частями первой, второй, третьей или четвертой, совершенные группой лиц, группой лиц по предварительному сговору или организованной группой (c редакции ФЗ от 29.02.2012 № 14-ФЗ)",2,0,2,0,0.0,0.0,,0,0,0.0,0,0,0,0.0,0.0,,0,0.0,,0.0,0,0,0,2,0,0,0.0,0.0,0.0,,0.0,0.0,0.0,0.0,,,,,1,0,0,0,0,0.0,0,0.0,0.0,0.0,0.0,0.0,,0,0.0,0.0,0.0,0.0,0.0,0.0,,0.0,0.0,0.0,0.0,0.0,,0.0,0.0,0.0,0.0,0,0.0,0.0,0.0,0.0,0.0,0.0,0.0,,,0.0,0.0,0.0,0.0,0.0,0.0,0.0
147,2020,134ч.6,"Деяния, предусмотренные частью третьей, совершенные лицом, имеющим судимость за ранее совершенное преступление против половой неприкосновенности несовершеннолетнего (c редакции ФЗ от 29.02.2012 № 14-ФЗ)",0,0,0,0,0.0,0.0,,0,0,0.0,0,0,0,0.0,0.0,,0,0.0,,0.0,0,0,0,0,0,0,0.0,0.0,0.0,,0.0,0.0,0.0,0.0,,,,,0,0,0,0,0,0.0,0,0.0,0.0,0.0,0.0,0.0,,0,0.0,0.0,0.0,0.0,0.0,0.0,,0.0,0.0,0.0,0.0,0.0,,0.0,0.0,0.0,0.0,0,0.0,0.0,0.0,0.0,0.0,0.0,0.0,,,0.0,0.0,0.0,0.0,0.0,0.0,0.0
148,2020,135ч.1,"Совершение развратных действий без применения насилия лицом, достигшим восемнадцатилетнего возраста, в отношении лица, заведомо не достигшего шестнадцатилетнего возраста (в старой редакции до ФЗ от 29.02.2012 № 14-ФЗ)",216,0,29,15,0.0,56.0,,0,107,1.0,1,0,0,0.0,0.0,,7,21.0,,1.0,0,0,0,0,0,0,0.0,1.0,0.0,,0.0,0.0,0.0,0.0,,,,,0,0,0,40,3,27.0,10,0.0,1.0,18.0,8.0,0.0,,8,6.0,0.0,0.0,0.0,0.0,0.0,,0.0,0.0,0.0,0.0,0.0,,0.0,0.0,0.0,0.0,163,273.0,1.0,1.0,2.0,2.0,47.0,73.0,,,0.0,2.0,0.0,0.0,0.0,5.0,13.0
149,2020,135ч.2,"Совершение развратных действий без применения насилия лицом, достигшим восемнадцатилетнего возраста, совершенное в отношении лица, заведомо не достигшего четырнадцатилетнего возраста (в старой редакции до ФЗ от 29.02.2012 № 14-ФЗ)",165,0,152,4,0.0,3.0,,2,1,1.0,0,0,0,0.0,0.0,,3,13.0,,60.0,67,9,0,0,0,19,0.0,0.0,0.0,,0.0,0.0,0.0,0.0,,,,,0,0,0,0,0,0.0,3,0.0,0.0,0.0,0.0,0.0,,17,11.0,0.0,0.0,15.0,0.0,0.0,,0.0,0.0,0.0,0.0,0.0,,0.0,0.0,0.0,0.0,104,207.0,1.0,1.0,1.0,1.0,2.0,4.0,,,1.0,0.0,0.0,0.0,0.0,1.0,7.0
150,2020,135ч.3,"Деяние, предусмотренное частью первой настоящей статьи, совершенное в отношении лица, заведомо не достигшего двенадцатилетнего возраста (в старой редакции до ФЗ от 29.02.2012 № 14-ФЗ)",85,0,78,7,0.0,0.0,,0,0,0.0,0,0,0,0.0,0.0,,1,4.0,,8.0,36,28,1,0,0,20,0.0,0.0,0.0,,0.0,0.0,0.0,0.0,,,,,0,0,0,0,0,0.0,1,0.0,0.0,0.0,0.0,0.0,,13,10.0,0.0,0.0,1.0,0.0,0.0,,0.0,0.0,0.0,0.0,0.0,,0.0,0.0,0.0,0.0,43,125.0,1.0,1.0,0.0,0.0,0.0,0.0,,,0.0,0.0,0.0,0.0,0.0,0.0,5.0
151,2020,135ч.4,"Деяния, предусмотренные частями второй или третьей настоящей статьи, совершенные группой лиц по предварительному сговору или организованной группой (в старой редакции до ФЗ от 29.02.2012 № 14-ФЗ)",0,0,0,0,0.0,0.0,,0,0,0.0,0,0,0,0.0,0.0,,0,0.0,,0.0,0,0,0,0,0,0,0.0,0.0,0.0,,0.0,0.0,0.0,0.0,,,,,0,0,0,0,0,0.0,0,0.0,0.0,0.0,0.0,0.0,,0,0.0,0.0,0.0,0.0,0.0,0.0,,0.0,0.0,0.0,0.0,0.0,,0.0,0.0,0.0,0.0,4,4.0,1.0,1.0,0.0,0.0,0.0,0.0,,,0.0,0.0,0.0,0.0,0.0,0.0,0.0
152,2020,135ч.5,"Деяние, предусмотренное частью второй, совершенное лицом, имеющим судимость за ранее совершенное преступление против половой неприкосновенности несовершеннолетнего (c редакции ФЗ от 29.02.2012 № 14-ФЗ)",12,0,12,0,0.0,0.0,,0,0,0.0,0,0,0,0.0,0.0,,0,0.0,,1.0,2,2,2,5,0,5,0.0,0.0,0.0,,0.0,0.0,0.0,0.0,,,,,0,0,0,0,0,0.0,1,0.0,0.0,0.0,0.0,0.0,,1,6.0,0.0,0.0,0.0,0.0,0.0,,0.0,0.0,0.0,0.0,0.0,,0.0,0.0,0.0,0.0,4,9.0,0.0,0.0,0.0,0.0,0.0,0.0,,,0.0,0.0,0.0,0.0,0.0,0.0,0.0
154,2020,242.1ч.2,"Изготовление, хранение или перемещение через Государственную границу РФ материалов   или  предметов   с   порнографическими изображениями  заведомо  несовершеннолетних, совершенные при отягчающих обстоятельствах (в старой редакции до ФЗ от 29.02.2012 № 14-ФЗ)",98,0,40,47,0.0,3.0,,4,2,0.0,1,0,0,0.0,0.0,,2,4.0,,17.0,17,0,0,0,0,6,1.0,0.0,0.0,,0.0,0.0,0.0,0.0,,,,,3,1,0,0,0,0.0,3,0.0,0.0,0.0,0.0,0.0,,5,5.0,0.0,0.0,5.0,0.0,0.0,,0.0,0.0,0.0,0.0,0.0,,0.0,0.0,0.0,0.0,44,216.0,1.0,1.0,2.0,2.0,0.0,0.0,,,0.0,0.0,0.0,0.0,1.0,0.0,10.0
155,2020,242.2ч.1,Использование несовершеннолетнего в целях изготовления порнографических материалов или предметов,3,0,1,2,0.0,0.0,,0,0,0.0,0,0,0,0.0,0.0,,0,0.0,,1.0,0,0,0,0,0,0,0.0,0.0,0.0,,0.0,0.0,0.0,0.0,,,,,0,0,0,0,0,0.0,0,0.0,0.0,0.0,0.0,0.0,,0,0.0,0.0,0.0,0.0,0.0,0.0,,0.0,0.0,0.0,0.0,0.0,,1.0,0.0,0.0,0.0,15,24.0,0.0,0.0,0.0,0.0,0.0,0.0,,,0.0,0.0,0.0,0.0,0.0,0.0,1.0
156,2020,242.2ч.2,"Использование несовершеннолетнего в целях изготовления порнографических материалов или предметов, совершенное в отношении двух или более лиц;  группой лиц по предварительному сговору или организованной группой; в отношении лица, не достигшего четырнадцатилетнего возраста; с использованием информационно-телекоммуникационных сетей (включая сеть <<Интернет>>)",12,0,11,1,0.0,0.0,,0,0,0.0,0,0,0,0.0,0.0,,0,0.0,,2.0,1,6,1,1,0,3,0.0,0.0,0.0,,0.0,0.0,0.0,0.0,,,,,0,0,0,0,0,0.0,0,0.0,0.0,0.0,0.0,0.0,,0,2.0,0.0,0.0,2.0,0.0,0.0,,0.0,0.0,0.0,0.0,0.0,,0.0,0.0,0.0,0.0,40,121.0,1.0,1.0,1.0,1.0,0.0,0.0,,,0.0,0.0,0.0,0.0,0.0,0.0,2.0
